_id,objectid_1,objectid,acreage,sqft,final_cat,Neighborhood,sector,origpkname,updatepknm,alterntnam,divname,shape_leng,globalid,created_user,created_date,last_edited_user,last_edited_date,maintenanceresponsibility,dpw_ac,globalid_1,shape_area,shape_length
18778,1202,36,0.9590343,41775.3671,Neighborhood Park,Hill District,15,Cliffside Parklet,August Wilson Park,Cliffside Park,Schenley,1313.832644,764d9a2f-719c-49c2-b747-8f276149bf04,pgh.dcp.allisot,2023-08-02T14:10:28.845000+00:00,pgh.dcp.allisot,2023-08-02T14:10:28.845000+00:00,Parks - Schenley,0.959034302,f781af9c-9ec2-4b5e-b5c5-9cc21608635c,6709.199219,390.3970118
18779,1203,198,2.06011723,89738.34752,Neighborhood Park,South Side Flats,2,Young Field,Young Field Park,Young Park,Riverview,1666.071794,9b969f67-1f2e-4f4b-8556-e4ac49ca208e,pgh.dcp.allisot,2023-08-02T14:10:28.845000+00:00,pgh.dcp.allisot,2023-08-02T14:10:28.845000+00:00,Parks - Riverview,2.060117229,659c4c55-50fc-4883-8606-76f029fcca47,14423.41797,511.9801806
18780,1204,158,0.46868243,20415.72487,Neighborhood Park,Homewood,8,Revenue Park,Roland Lockridge Community Park,Roland Lockridge Community Park,Frick,590.8410068,44bbbdf5-c2db-451c-b880-9251b8211455,pgh.dcp.allisot,2023-08-02T14:10:28.845000+00:00,pgh.dcp.allisot,2023-08-02T14:10:28.845000+00:00,Parks - Frick,0.468682427,04e61cab-bea6-47dd-964a-0723197726cf,3273.722656,236.4882352
18781,1205,72,1.95542982,85178.18221,Neighborhood Park,Friendship,12,Friendship Park,Friendship Park,Friendship Park,Highland,1901.426599,f95cbafc-dcd8-493f-8b98-89745c6434ca,pgh.dcp.allisot,2023-08-02T14:10:28.845000+00:00,pgh.dcp.allisot,2023-08-02T14:10:28.845000+00:00,Parks - Highland,1.955429819,22563a68-61d3-46f3-9d5c-4558ee12be1f,13686.26563,760.9828713
18782,1206,87,5.10806965,222506.6238,Neighborhood Park,Squirrel Hill,12,Heths Playground,Heth's Park,Heth's Park,Highland,2181.061307,a6a4ac92-5a00-4af5-9f11-716e51079fea,pgh.dcp.allisot,2023-08-02T14:10:28.845000+00:00,pgh.dcp.allisot,2023-08-02T14:10:28.845000+00:00,Parks - Highland,5.108069647,b5b34833-e1d5-430f-afcc-40a1670d545d,35767.89844,875.1569975
18783,1207,58,0.85385041,37193.57509,Regional Park,Mount Washington,6,Eileen McCoy Parklet,Emerald View Park - Eileen McCoy Park,Emerald View Regional Park,Emerald,780.2681372,85e78b3f-6464-4be8-a756-695779735770,pgh.dcp.allisot,2023-08-02T14:10:28.845000+00:00,pgh.dcp.allisot,2023-08-02T14:10:28.845000+00:00,Parks - Emerald,0.85385041,3b0dedc7-de7f-4155-bacc-fd5f442211fd,5971.886719,312.6665818
18784,1208,148,1.21785895,53049.72369,Neighborhood Park,Shadyside,5,Pauline Parklet,Pauline Park,Pauline Park,McKinley,1481.109451,8d2ca331-e92f-4081-91f6-a991b913975d,pgh.dcp.allisot,2023-08-02T14:10:28.845000+00:00,pgh.dcp.allisot,2023-08-02T14:10:28.845000+00:00,Parks - McKinley,1.217858951,8fae002f-672f-4139-8bb3-5e1c43630b06,8509.390625,385.2540051
18785,1209,180,0.31603157,13766.27999,Beautification Site,Mount Washington,16,Thomas Parklet,Thomas Park,Thomas Park,Riverview,685.9851041,29ea1e26-197f-4e3d-926b-4fd4b7988d76,pgh.dcp.allisot,2023-08-02T14:10:28.845000+00:00,pgh.dcp.allisot,2023-08-02T14:10:28.845000+00:00,Parks - Riverview,0.316031567,ce5d83e9-a64c-494a-81d2-10722dd5c85b,2210.261719,275.0250604
18786,1210,86,8.32023602,362428.0313,Community Park,Greenfield,4,Hershel Playground,Herschel Park,Hershel Park,Emerald,5898.083258,5011c72c-2a08-418b-844d-b3dbbca6075e,pgh.dcp.allisot,2023-08-02T14:10:28.845000+00:00,pgh.dcp.allisot,2023-08-02T14:10:28.845000+00:00,Parks - Emerald,8.32023602,dd29ebe8-77bd-4be9-97c6-1b06c296ed32,58194.48047,1042.200733
18787,1211,193,3.26762602,142337.22,Public School,Westwood,4,Westwood School,Westwood School Park,Westwood School,Emerald,1572.776849,843e43a8-79ed-42c4-975b-9791c5161212,pgh.dcp.allisot,2023-08-02T14:10:28.845000+00:00,pgh.dcp.allisot,2023-08-02T14:10:28.845000+00:00,Parks - Emerald,3.267626019,1928bf6c-f90c-4702-9944-9fedc13f60b6,22848.90625,607.2972202
18788,1212,33,0.47547207,20711.4805,Neighborhood Park,West End,1,Catalano Parklet,Catalano Park,Catalano Park,Riverview,567.1557391,747d5630-9fcb-42d3-bd33-ba7774dee3cb,pgh.dcp.allisot,2023-08-02T14:10:28.845000+00:00,pgh.dcp.allisot,2023-08-02T14:10:28.845000+00:00,Parks - Riverview,0.475472069,488525be-1bd1-46a3-82ff-0fc441dec736,3327.65625,227.295353
18789,1213,211,0.56902453,24786.6096,Neighborhood Park,Troy Hill,1,Troy Hill Citzen's Park,Troy Hill Citizen's Park,Troy Hill Citzen's Park,Riverview,708.6979499,c4abaefd-877d-4c42-b588-60a126ebfa5a,pgh.dcp.allisot,2023-08-02T14:10:28.845000+00:00,pgh.dcp.allisot,2023-08-02T14:10:28.845000+00:00,Parks - Riverview,0.569024535,ea3c98cb-55cf-40cf-b6a9-9d2dfb5d3c85,3982.738281,284.0778633
18790,1214,140,0.56923207,24795.64967,Beautification Site,Oakland,14,Oakland Square,Oakland Square,Oakland Square,,878.1484287,e2748b8b-a3d3-4195-9c81-58b9b2062c7c,pgh.dcp.allisot,2023-08-02T14:10:28.845000+00:00,pgh.dcp.allisot,2023-08-02T14:10:28.845000+00:00,3rd Division,0.569232067,7d9ff343-84f1-4e14-bc7e-a2ab5d83d17c,3981.113281,351.4653045
18791,1215,151,0.07362101,3206.918499,Beautification Site,Squirrel Hill,12,Penn Circle W Triangle,S Euclid Ave Triangle,S Euclid Ave Triangle,,345.9054549,2a334f85-c134-4aac-8158-d03cf25f5b55,pgh.dcp.allisot,2023-08-02T14:10:28.845000+00:00,pgh.dcp.allisot,2023-08-02T14:10:28.845000+00:00,2nd Division,7.36E-02,8090d931-3bbb-47e9-968c-e8d2402af3ab,515.2734375,138.6747868
18792,1216,167,51.03648302,2223140.308,Community Park,Sheraden,4,Sheraden Park,Sheraden Park,Sheraden Park,Emerald,16358.83524,351ad94c-c15c-4b25-a11a-f467977f0134,pgh.dcp.allisot,2023-08-02T14:10:28.845000+00:00,pgh.dcp.allisot,2023-08-02T14:10:28.845000+00:00,Parks - Emerald,51.03648302,6414fab4-553d-4a0b-be6b-b95003c52a6f,357167.8594,6365.659814
18793,1218,195,0.05966002,2598.780088,Beautification Site,Windermere,10,Windermere Circle 1 & 2,Windermere Circle 1 & 2,Windermere Circle 1 & 2,,286.3803729,c486c01d-a722-4530-8c78-9f4a243b4d7f,pgh.dcp.allisot,2023-08-02T14:10:28.845000+00:00,pgh.dcp.allisot,2023-08-02T14:10:28.845000+00:00,3rd Division,0.05966002,c2f0b029-6c6c-43aa-b9b1-e831ba1d9c04,417.0820313,114.7031408
18794,1219,139,14.48754111,631074.7664,Riverfront Park,North Shore,16,Northshore Riverfront Park,Northshore Riverfront Park,Northshore Riverfront Park,Riverview,10104.37076,68640034-1684-42f3-b6ea-c292096f526e,pgh.dcp.allisot,2023-08-02T14:10:28.845000+00:00,pgh.dcp.allisot,2023-08-02T14:10:28.845000+00:00,Parks - Riverview,14.48754111,412fe9bd-5dc3-4d0d-aace-877faf02237d,101348.2773,4090.189421
18795,1220,147,0.09002187,3921.33688,Beautification Site,Squirrel Hill,14,Parkview Islands,Parkview Islands,Parkview Islands,,1353.959973,1f683a5a-8c27-4cdf-b2cb-5d8ac86be602,pgh.dcp.allisot,2023-08-02T14:10:28.845000+00:00,pgh.dcp.allisot,2023-08-02T14:10:28.845000+00:00,3rd Division,9.00E-02,1ddbb1a9-f59a-4063-a8f5-d091b3575f4e,629.5625,543.3726176
18796,1221,78,5.76013885,250910.6449,Regional Park,Mount Washington,6,Grandview Overlook,Emerald View Park - Grandview Overlook,Emerald View Regional Park,Emerald,5037.750898,e065b497-78da-4f77-b22f-ad9c13a0b5ec,pgh.dcp.allisot,2023-08-02T14:10:28.845000+00:00,pgh.dcp.allisot,2023-08-02T14:10:28.845000+00:00,Parks - Western,5.760138855,16ada7f6-f6cf-4c5b-a28a-1bc99ac712ea,40280.57813,1819.505332
18797,1222,106,1.15757262,50423.66174,Beautification Site,Downtown,16,Liberty Avenue Island,Liberty Avenue Island,Liberty Avenue Island,,2220.129118,ab150e5d-67ff-4b95-a634-3e3c5397f38b,pgh.dcp.allisot,2023-08-02T14:10:28.845000+00:00,pgh.dcp.allisot,2023-08-02T14:10:28.845000+00:00,6th Division,1.157572623,4e649344-ba6c-4fe0-a97b-545fdf5bb5d8,8096.921875,888.8423278
18798,1223,184,8.5925235,374288.8265,Neighborhood Park,Allegheny West,5,Volunteers Field,Volunteers Park,Volunteers Park,McKinley,5812.441974,febad663-68a9-4e76-ae18-ae4f8430cfae,pgh.dcp.allisot,2023-08-02T14:10:28.845000+00:00,pgh.dcp.allisot,2023-08-02T14:10:28.845000+00:00,Parks - McKinley,8.592523499,a4ed0db5-4ae0-4a1e-9774-6780c7f7261a,60023.96094,1740.044549
18799,1224,69,4.54113022,197810.8413,Beautification Site,Penn Hills,12,Frankstown Triangle 1 & 2,Frankstown Triangle 1 & 2,Frankstown Triangle 1 & 2,,3139.28567,732bc31d-d5bf-4d93-b8be-795a9bdeaf77,pgh.dcp.allisot,2023-08-02T14:10:28.845000+00:00,pgh.dcp.allisot,2023-08-02T14:10:28.845000+00:00,2nd Division,4.541130223,c6195049-63c1-4c5a-8a9a-66b8d0206371,31782.62891,1259.271262
18800,1225,200,0.57530985,25060.39701,Riverfront Park,Lawrenceville,16,Alcoa Park,Alcoa Park,Alcoa Park,Riverview,912.328695,66d69aea-4c7d-4aac-8aa6-9c7ef7453247,pgh.dcp.allisot,2023-08-02T14:10:28.845000+00:00,pgh.dcp.allisot,2023-08-02T14:10:28.845000+00:00,Parks - Riverview,0.575309854,029679e7-a513-4e1f-aa0d-6643daa44bfc,4024.839844,365.2390948
18801,1226,203,0.20055526,8736.152117,Neighborhood Park,Brookline,1,Lookout St Parklet,Andrew 'Huck' Fenrich Memorial Park,Lookout Street Park,Riverview,732.1721166,cf15f763-5076-4f31-875f-93d14fdd8a03,pgh.dcp.allisot,2023-08-02T14:10:28.845000+00:00,pgh.dcp.allisot,2023-08-02T14:10:28.845000+00:00,Parks - Riverview,0.200555259,7932507b-d16f-423a-9057-b0c1008d56ac,1403.988281,147.6794555
18802,1227,119,22.72831092,990041.2635,Community Park,Beechview,8,McBride Park,McBride Park,McBride Park,Frick,7470.062767,c5ca4ed7-b654-4d29-9e89-caba44345bf4,pgh.dcp.allisot,2023-08-02T14:10:28.845000+00:00,pgh.dcp.allisot,2023-08-02T14:10:28.845000+00:00,Parks - Frick,22.72831092,5e10494f-6877-4f7c-b59a-cde46adcc9c0,158644.9648,2987.594316
18803,1228,34,7.04343072,306810.6148,Neighborhood Park,Squirrel Hill,11,Chadwick Rec Center,Chadwick Park,Chadwick Park,Highland,2425.202792,ad00f128-3d9f-4bfd-93e9-98fe0d4241a4,pgh.dcp.allisot,2023-08-02T14:10:28.845000+00:00,pgh.dcp.allisot,2023-08-02T14:10:28.845000+00:00,Parks - Highland,7.043430718,a4146660-a654-4d7a-96fb-257bad073721,49302.06641,1009.731837
18804,1229,118,3.48116345,151638.8734,Neighborhood Park,East Liberty,15,Martin Luther King Field,Martin Luther King Park,Martin Luther King Park,Schenley,1676.041091,bfb9c411-1a59-4391-b943-43f1c525cdb4,pgh.dcp.allisot,2023-08-02T14:10:28.845000+00:00,pgh.dcp.allisot,2023-08-02T14:10:28.845000+00:00,Parks - Schenley,3.481163452,8d447a3c-18ed-4cad-95fa-68db7207d730,24348.69922,671.624181
18805,1230,77,0.0072054,313.8658924,Beautification Site,Glen Hazel,10,Glen Arden Triangle,Glen Arden Triangle,Glen Arden Triangle,,69.95243577,42b935d1-085d-4ec1-951b-8c2e02bf702a,pgh.dcp.allisot,2023-08-02T14:10:28.845000+00:00,pgh.dcp.allisot,2023-08-02T14:10:28.845000+00:00,3rd Division,7.21E-03,e2ca5ae4-f359-40d7-8f6a-d8b807385e98,50.41015625,28.04121672
18806,1231,5,1.54812994,67436.27059,Riverfront Park,North Side,16,Allegheny Riverfront Park,Allegheny Riverfront Park,Allegheny Riverfront Park,Riverview,3789.706844,56eb2a1a-f465-4488-8ee7-2939c1a56513,pgh.dcp.allisot,2023-08-02T14:10:28.845000+00:00,pgh.dcp.allisot,2023-08-02T14:10:28.845000+00:00,Parks - Riverview,1.548129943,297d4fb8-5cf6-4ab5-a3ff-f7f49d47414c,10829.84375,1690.459541
18807,1232,103,0.45531625,19833.49648,Neighborhood Park,Morningside,5,Leolyn Parklet,Leolyn Park,Leolyn Park,McKinley,617.7229284,f027a6f9-cb67-4ec2-8d03-66eb8ad658f0,pgh.dcp.allisot,2023-08-02T14:10:28.845000+00:00,pgh.dcp.allisot,2023-08-02T14:10:28.845000+00:00,Parks - McKinley,0.455316249,3a579dbf-3ecf-4044-911a-0f56cdb9f6c3,3180.855469,247.3567189
18808,1233,212,1.05345062,45888.12559,Community Park,Beltzhoover,4,Tuxedo Street Skate Park,Tuxedo Street Skate Park,Tuxedo Street Skate Park,Emerald,898.4716215,d54d5c1a-2212-4d36-8d4a-11f7d43e3c7f,pgh.dcp.allisot,2023-08-02T14:10:28.845000+00:00,pgh.dcp.allisot,2023-08-02T14:10:28.845000+00:00,Parks - Emerald,1.053450623,b9052479-b861-4b01-9e1f-b85e21748e01,7371.191406,402.6966608
18809,1234,24,0.77946962,33953.56077,Neighborhood Park,Bon Air,6,Bon Air Tot Lot,Bon Air Park,Bon Air Park,McKinley,939.8112064,48c76f2a-fc5c-4ed8-9ab0-465403a64d69,pgh.dcp.allisot,2023-08-02T14:10:28.845000+00:00,pgh.dcp.allisot,2023-08-02T14:10:28.845000+00:00,Parks - McKinley,0.779469619,f30f2b55-89c5-4eb7-a5d4-f2581aa7233b,5446.730469,328.0060535
18810,1235,145,1.19746041,52161.16695,Neighborhood Park,Mount Washington,12,Osceola Parklet,Osceola Park,Osceola Park,Highland,907.565864,975a22ed-f845-4214-964f-4d2824d17d41,pgh.dcp.allisot,2023-08-02T14:10:28.845000+00:00,pgh.dcp.allisot,2023-08-02T14:10:28.845000+00:00,Parks - Highland,1.197460413,2ae81bf8-1d80-41d0-b912-5c2ebb30c6f5,8379.707031,363.7810933
18811,1236,205,0.05364606,2336.812919,Neighborhood Park,Carrick,14,Dunseith Tot Lot (Shalane's Play Yard),Shalane's Play Yard Park,Dunseith Park (Shalane's Play Yard),Schenley,262.0669419,9177883a-579b-4f61-a9a2-8be643b68407,pgh.dcp.allisot,2023-08-02T14:10:28.845000+00:00,pgh.dcp.allisot,2023-08-02T14:10:28.845000+00:00,Parks - Schenley,5.36E-02,7565d587-3469-4e40-85ce-8b9bfab5d6f3,375.2578125,78.91665558
18812,1237,143,9.278443,404167.3606,Regional Park,Mount Washington,6,Olympia Park,Emerald View Park - Olympia Park,Emerald View Regional Park,Emerald,2810.162613,5217a635-cba9-4f1e-93c7-a604fc8f59e3,pgh.dcp.allisot,2023-08-02T14:10:28.845000+00:00,pgh.dcp.allisot,2023-08-02T14:10:28.845000+00:00,Parks - Emerald,9.278443004,95c13cec-d310-4a17-9336-001c27e85089,64880.32813,1126.687516
18813,1238,30,4.90422879,213627.3514,Neighborhood Park,Greenfield,9,Bud Hammer Playground,Bud Hammer Park,Bud Hammer Park,Schenley,2043.237933,7af3c8fe-087a-4e37-af3e-03860275b96c,pgh.dcp.allisot,2023-08-02T14:10:28.845000+00:00,pgh.dcp.allisot,2023-08-02T14:10:28.845000+00:00,Parks - Schenley,4.904228785,fe4fc570-95e1-454b-8951-ceea17be0a4c,34282.96875,895.9612666
18814,1239,115,0.66973833,29173.68506,Community Park,Downtown,16,Market Square Park,Market Square Park,Market Square Park,Riverview,654.3900043,2135e0d3-02e0-47df-bd9c-fd24eba4397d,pgh.dcp.allisot,2023-08-02T14:10:28.845000+00:00,pgh.dcp.allisot,2023-08-02T14:10:28.845000+00:00,Parks - Riverview,0.669738332,440ae999-9047-4c25-b27a-856a7b195389,4684.539063,262.1595873
18815,1240,108,0.63524651,27671.22731,Neighborhood Park,Lincoln Place,8,Lincoln Place Parklet,Lincoln Place Park,Lincoln Place Park,Frick,763.196716,b4b74fc4-80c6-4534-93d5-83dcd06e43c8,pgh.dcp.allisot,2023-08-02T14:10:28.845000+00:00,pgh.dcp.allisot,2023-08-02T14:10:28.845000+00:00,Parks - Frick,0.63524651,dd054e45-44bc-4dd9-af26-d5eae8d5578b,4434.023438,305.8153472
18816,1241,62,3.55487677,154849.8127,Neighborhood Park,Fairywood,4,Fairywood Playground,Fairywood Park,Fairywood Park,Emerald,1580.617866,b14e6db3-cd9c-4ce2-9b58-aa2632b7a75f,pgh.dcp.allisot,2023-08-02T14:10:28.845000+00:00,pgh.dcp.allisot,2023-08-02T14:10:28.845000+00:00,Parks - Emerald,3.554876771,43cfcbb6-5e49-4732-8216-d4bf8ad7b895,24870.98047,633.4006185
18817,1242,138,0.22416194,9764.454942,Neighborhood Park,Oakcliffe,14,Niagara Parklet,Oakcliffe Community Playground,Niagara Park,Schenley,395.3365115,590b1935-1d5d-4c5d-bd92-b1b469bc3c1c,pgh.dcp.allisot,2023-08-02T14:10:28.845000+00:00,pgh.dcp.allisot,2023-08-02T14:10:28.845000+00:00,Parks - Schenley,0.224161938,ef46fd11-cb28-4c0e-a411-7a335b1935d9,1567.640625,158.4059873
18818,1243,66,9.47870336,412890.667,Neighborhood Park,Downtown,12,Fort Pitt Playground,Fort Pitt Park,Fort Pitt Park,Highland,3309.674188,af65aeef-0944-4a0c-936f-96ea81bec49b,pgh.dcp.allisot,2023-08-02T14:10:28.845000+00:00,pgh.dcp.allisot,2023-08-02T14:10:28.845000+00:00,Parks - Highland,9.478703364,b921533d-5843-4f63-8413-7a8de3097a1d,66356.07422,1326.316487
18819,1244,129,5.28588047,230252.0322,Neighborhood Park,South Side,7,Monongahela Playground,Monongahela Park,Monongahela Park,McKinley,2224.842846,6d41972a-17ea-447a-8aec-792fed745308,pgh.dcp.allisot,2023-08-02T14:10:28.845000+00:00,pgh.dcp.allisot,2023-08-02T14:10:28.845000+00:00,Parks - McKinley,5.285880468,32d1f811-8e8e-4b19-a07a-c94b347133ae,36951.94922,787.2416557
18820,1245,175,0.53106161,23132.95138,Neighborhood Park,Polish Hill,4,Stratmore Parklet,Andrew Joseph Kukuruda Park,Stratmore Park,Emerald,845.1115208,98e651e7-e357-48d5-ad8e-53db1a814a8e,pgh.dcp.allisot,2023-08-02T14:10:28.845000+00:00,pgh.dcp.allisot,2023-08-02T14:10:28.845000+00:00,Parks - Emerald,0.531061614,227126c5-6d18-4138-b20d-4eb3dd94f3be,3714.410156,338.6498977
18821,1246,4,2.28558167,99559.53942,Riverfront Park,North Side,16,Allegheny Landing Park,Allegheny Landing Park,Allegheny Landing Park,Riverview,1579.933657,4c54672c-8a00-4670-a599-1b3e59c22d84,pgh.dcp.allisot,2023-08-02T14:10:28.845000+00:00,pgh.dcp.allisot,2023-08-02T14:10:28.845000+00:00,Parks - Riverview,2.285581673,ddcdc30a-61da-4934-bf80-66f09dd27fe5,15989.74219,626.9663272
18822,1247,101,0.69761233,30387.87175,Beautification Site,Lawrenceville,2,Legion Memorial Park,Legion Memorial Park,Legion Memorial Park,Riverview,786.6457898,8256c558-9b8e-4999-af5e-828fca9537b9,pgh.dcp.allisot,2023-08-02T14:10:28.845000+00:00,pgh.dcp.allisot,2023-08-02T14:10:28.845000+00:00,Parks - Riverview,0.697612335,30895e19-111b-4005-bba4-4bda5c8c0b04,4885.421875,315.3654329
18823,1248,186,2.12662921,92635.59774,Neighborhood Park,Mount Washington,6,Warrington Playground,Warrington Park,Warrington Park,McKinley,1245.758223,bf852bdb-5458-44ff-ba0c-5c6b16e5ccd9,pgh.dcp.allisot,2023-08-02T14:10:28.845000+00:00,pgh.dcp.allisot,2023-08-02T14:10:28.845000+00:00,Parks - McKinley,2.126629208,bfe02c09-1857-4095-95c4-893a0e9f4261,14866.4375,498.8096077
18824,1249,199,0.7272454,31678.68295,Beautification Site,Upper Hill,14,Zulema Passive Area,Zulema Park,Zulema Passive Area,Schenley,816.8407501,9b0e7c16-0d06-44a7-96ba-f616bd7d0fdb,pgh.dcp.allisot,2023-08-02T14:10:28.845000+00:00,pgh.dcp.allisot,2023-08-02T14:10:28.845000+00:00,Parks - Schenley,0.727245401,827b8e17-5e07-431e-907f-eaff4f5e01db,5086.035156,327.0878793
18825,1250,120,0.1998298,8704.551095,Neighborhood Park,McCandless,13,McCandless Tot Lot,McCandless Park,McCandless Park,Highland,376.6168322,6466049c-ed79-4b4a-a7fd-eee9db4eaba5,pgh.dcp.allisot,2023-08-02T14:10:28.845000+00:00,pgh.dcp.allisot,2023-08-02T14:10:28.845000+00:00,Parks - Highland,0.199829796,fd04021b-8b32-4cc2-a816-9ee902dc3cf4,1399.371094,151.0058013
18826,1251,42,0.28036624,12212.70452,Neighborhood Park,Allentown,2,Cross & Strauss Parklet,Cross and Strauss Park,Cross and Strauss Park,Riverview,474.7128683,f9c675a5-8da5-4e06-a308-2cf81ad5cc8f,pgh.dcp.allisot,2023-08-02T14:10:28.845000+00:00,pgh.dcp.allisot,2023-08-02T14:10:28.845000+00:00,Parks - Riverview,0.280366239,384fea4c-7b17-47c2-9ab9-7a331e1d923f,1962.460938,180.8723469
18827,1252,122,77.83255445,3390372.51,Community Park,Mckinley,6,McKinley Park,McKinley Park,McKinley Park,McKinley,17715.76597,0057c452-d431-4d76-bd57-a1f581977a5e,pgh.dcp.allisot,2023-08-02T14:10:28.845000+00:00,pgh.dcp.allisot,2023-08-02T14:10:28.845000+00:00,Parks - McKinley,77.83255445,80b911a9-27a1-4e41-a417-f3d86215478d,543957.0938,7085.601534
18828,1253,156,1.98205996,86338.18632,Regional Park,Mount Washington,6,Ream Parklet,Emerald View Park - Ream Park,Emerald View Regional Park,Emerald,1359.156066,e532a31c-a671-42ae-98da-2ed252192a64,pgh.dcp.allisot,2023-08-02T14:10:28.845000+00:00,pgh.dcp.allisot,2023-08-02T14:10:28.845000+00:00,Parks - Emerald,1.982059956,8528fe07-f150-492e-99a7-8427b4c665c6,13859.73828,544.7224349
18829,1254,110,0.25679383,11185.89461,Special Use Park,Upper Hill,6,Lodge Potenza Senior Center,Lodge Potenza Healthy Active Living Center,Lodge Potenza Senior Center,Emerald,471.6775281,8a29e613-32df-49c3-8a6c-f48f768f311f,pgh.dcp.allisot,2023-08-02T14:10:28.845000+00:00,pgh.dcp.allisot,2023-08-02T14:10:28.845000+00:00,Parks - Emerald,0.256793833,b8f1bb5f-5d55-46eb-aa01-3d27570f5b86,1795.605469,189.0334287
18830,1255,192,0.01301447,566.908068,Beautification Site,Westwood,4,Westwood Island,Westwood Island,Westwood Island,,93.1245652,82bd048c-8ac4-45af-991b-72228f39bd32,pgh.dcp.allisot,2023-08-02T14:10:28.845000+00:00,pgh.dcp.allisot,2023-08-02T14:10:28.845000+00:00,5th Division,1.30E-02,bbcb51ce-5ee7-452a-8885-9fd9f6476b50,91.00390625,37.31029069
18831,1256,80,0.43052337,18753.52292,Beautification Site,Downtown,16,Grant Street Islands,Grant Street Islands,Grant Street Islands,,3596.229945,ec7791b6-034e-4e49-95d3-594550c438cf,pgh.dcp.allisot,2023-08-02T14:10:28.845000+00:00,pgh.dcp.allisot,2023-08-02T14:10:28.845000+00:00,6th Division,0.430523369,c1883829-3da9-431e-8118-f6a9d0a1aa0c,3011.285156,1442.392549
18832,1257,74,2.82910379,123235.2681,Neighborhood Park,West End,12,Garland Parklet,Garland Park,Garland Park,Highland,1899.44182,57d9a24b-1e2e-45c4-b7b0-8ca0b4afb9de,pgh.dcp.allisot,2023-08-02T14:10:28.845000+00:00,pgh.dcp.allisot,2023-08-02T14:10:28.845000+00:00,Parks - Highland,2.829103788,c3c7972b-e76e-4f89-9658-564a46c14ff7,19802.02344,709.7200312
18833,1258,179,0.59164129,25771.79165,Beautification Site,Point Breeze,11,Thomas Blvd Planting Strip,Thomas Blvd Planting Strip,Thomas Blvd Planting Strip,Frick,2507.73331,241f501a-1070-401c-b117-168461d0d1ca,pgh.dcp.allisot,2023-08-02T14:10:28.845000+00:00,pgh.dcp.allisot,2023-08-02T14:10:28.845000+00:00,Parks - Frick,0.591641293,3115d533-3b6b-4f77-9854-e56d7743a523,4139.9375,1004.094755
18834,1259,19,0.25893533,11279.17801,Beautification Site,Bedford Dwellings,16,Bedford Strip,Bedford Strip,Bedford Strip,,1553.55959,dfea1aef-b523-4d33-af69-492304f521a0,pgh.dcp.allisot,2023-08-02T14:10:28.845000+00:00,pgh.dcp.allisot,2023-08-02T14:10:28.845000+00:00,3rd Division,0.258935334,11138906-6a58-4201-9133-87ce95e6a786,1811.300781,621.9978355
18835,1260,188,4.68886759,204246.255,Neighborhood Park,West End,4,West End Elliot Overlook Park,West End-Elliott Overlook Park,West End-Elliot Overlook Park,Emerald,4135.085025,db34d78e-3287-40aa-8754-89ff7af41c76,pgh.dcp.allisot,2023-08-02T14:10:28.845000+00:00,pgh.dcp.allisot,2023-08-02T14:10:28.845000+00:00,Parks - Emerald,4.688867586,58f157a5-2f14-45de-b7dc-50a449bcb60a,32801.9375,1657.281691
18836,1261,98,1.51313306,65911.81255,Neighborhood Park,Larimer,12,Larimer Playground,Larimer Park,Larimer Park,Highland,1546.479562,e2dfdfa0-07bf-44bc-b67a-987e04079b1f,pgh.dcp.allisot,2023-08-02T14:10:28.845000+00:00,pgh.dcp.allisot,2023-08-02T14:10:28.845000+00:00,Parks - Highland,1.513133063,ea660eea-e7a8-401f-a66d-e28e0ce1abac,10591.80078,606.7868929
18837,1262,189,17.02510591,741610.647,Community Park,West End,4,West End Park,West End Park,West End Park,Emerald,15318.78952,f1ba0266-6b8c-4555-a57a-4003e8adf767,pgh.dcp.allisot,2023-08-02T14:10:28.845000+00:00,pgh.dcp.allisot,2023-08-02T14:10:28.845000+00:00,Parks - Emerald,17.02510591,017be601-e01a-4b61-9df1-96446ff28cf1,119069.4961,6137.906553
18838,1263,182,0.23543864,10255.66602,Beautification Site,Strip District,10,Vietnam Island,Vietnam Island,Vietnam Island,,899.7178198,0b4033fe-1588-4f0d-a39e-8d4212910b61,pgh.dcp.allisot,2023-08-02T14:10:28.845000+00:00,pgh.dcp.allisot,2023-08-02T14:10:28.845000+00:00,3rd Division,0.235438637,9d4c89bc-8e8e-409a-b43c-0d9b71edc493,1646.652344,359.951339
18839,1264,112,6.1467087,267749.56,Neighborhood Park,Hill District,9,Magee Playground,Magee Park,Magee Park,Schenley,2175.676902,45b6cc70-4efb-4c09-9430-d2401edca968,pgh.dcp.allisot,2023-08-02T14:10:28.845000+00:00,pgh.dcp.allisot,2023-08-02T14:10:28.845000+00:00,Parks - Schenley,6.1467087,27fd1222-69ff-404f-84a6-ea9474a546c3,42974.0625,872.0044341
18840,1265,8,0.10325286,4497.676436,Beautification Site,Squirrel Hill,12,Amber Triangle,Amber Triangle,Amber Triangle,,296.7438588,f2ac7993-bc0c-4271-9071-e469f8f652cc,pgh.dcp.allisot,2023-08-02T14:10:28.845000+00:00,pgh.dcp.allisot,2023-08-02T14:10:28.845000+00:00,2nd Division,0.103252856,447473a8-7526-4212-808b-ea85ef994dc9,722.59375,118.9042861
18841,1266,49,14.2630875,621297.6062,Community Park,Dinan,13,Dinan Playground,Dinan Park,Dinan Park,Highland,4324.050855,6ae57e29-f05f-4863-b819-cd72229aa471,pgh.dcp.allisot,2023-08-02T14:10:28.845000+00:00,pgh.dcp.allisot,2023-08-02T14:10:28.845000+00:00,Parks - Highland,14.2630875,87ddff01-fad2-4a5b-ad4d-aef225a871f3,99890.39063,1508.126353
18842,1267,57,0.00165399,72.04733352,Beautification Site,Edgerton,10,Edgerton Circle,Edgerton Circle,Edgerton Circle,,30.2251192,aaa0ea46-f889-43ee-92a4-8d2cb5f28154,pgh.dcp.allisot,2023-08-02T14:10:28.845000+00:00,pgh.dcp.allisot,2023-08-02T14:10:28.845000+00:00,3rd Division,1.65E-03,c68e42cd-f774-4566-afe1-1284003edf1b,11.56640625,12.11298454
18843,1268,26,30.99530798,1350150.215,Community Park,Brighton Heights,2,Brighton Heights Park,Brighton Heights Park,Brighton Heights Park,Riverview,12357.09482,2ebd3497-6b22-4a86-95f4-cc01dc82048a,pgh.dcp.allisot,2023-08-02T14:10:28.845000+00:00,pgh.dcp.allisot,2023-08-02T14:10:28.845000+00:00,Parks - Riverview,30.99530798,83c85a71-bb39-46de-85f0-98b766dc8deb,217087.5391,4810.214141
18844,1269,206,6.41794151,279564.414,Neighborhood Park,Spring Hill,1,Spring Hill Playground,Spring Hill Park,Spring Hill Park,Riverview,2401.525218,1be984a8-ff8e-4e15-baaf-ba53e2fac8c3,pgh.dcp.allisot,2023-08-02T14:10:28.845000+00:00,pgh.dcp.allisot,2023-08-02T14:10:28.845000+00:00,Parks - Riverview,6.417941511,18be1385-ec95-4f4f-87b3-7a1b976e1e57,44930.04688,962.2887311
18845,1270,197,0.38815931,16908.15197,Neighborhood Park,Woods Run,2,Woods Run Tot Lot,Woods Run Park,Woods Run Park,Riverview,450.3520093,9b77f597-274e-44fa-8814-54660d31e924,pgh.dcp.allisot,2023-08-02T14:10:28.845000+00:00,pgh.dcp.allisot,2023-08-02T14:10:28.845000+00:00,Parks - Riverview,0.388159311,02c96625-efba-44fe-b28f-4a0f1c196a05,2717.878906,212.5951294
18846,1271,81,0.52098931,22694.2036,Neighborhood Park,Granville,15,Granville Parklet,Granville Park,Granville Park,Schenley,699.5710734,eea870bf-624f-48a6-86ba-81f5b2b87dae,pgh.dcp.allisot,2023-08-02T14:10:28.845000+00:00,pgh.dcp.allisot,2023-08-02T14:10:28.845000+00:00,Parks - Schenley,0.520989311,b7a4adb7-61c0-47cd-9691-24c41c158e2b,3644.503906,251.0942232
18847,1272,13,8.80859448,383700.8408,Community Park,Lawrenceville,13,Arsenal Park and School,Arsenal Park,Arsenal Park,Highland,2498.194088,7bfb78ce-506d-454c-a4d2-eb6a2494361e,pgh.dcp.allisot,2023-08-02T14:10:28.845000+00:00,pgh.dcp.allisot,2023-08-02T14:10:28.845000+00:00,Parks - Highland,8.808594482,1d3f9b69-1ec2-4851-9bdc-e1143a520d5b,61659.82031,1001.518029
18848,1273,51,0.80543757,35084.72011,Neighborhood Park,Upper Hill,13,Duncan Parklet,Duncan Park,Duncan Park,Highland,765.0952221,11bb27fa-771b-4ed0-92e5-c66f27b8e336,pgh.dcp.allisot,2023-08-02T14:10:28.845000+00:00,pgh.dcp.allisot,2023-08-02T14:10:28.845000+00:00,Parks - Highland,0.805437568,2a0cb04f-a295-44f9-a130-6e82d610f76d,5640.304688,306.723419
18849,1274,84,0.47777456,20811.77639,Special Use Park,Hazelwood,9,Hazelwood Senior Center,Hazelwood Healthy Active Living Center,Hazelwood Senior Center,Frick,959.5401057,6d68e648-9a59-4a3e-a7af-2206e8e4ee32,pgh.dcp.allisot,2023-08-02T14:10:28.845000+00:00,pgh.dcp.allisot,2023-08-02T14:10:28.845000+00:00,Parks - Frick,0.477774555,e51b26a9-ac73-4b37-ad08-13c18c4f8271,3338.175781,274.3212953
18850,1275,96,13.43468306,585212.4534,Neighborhood Park,Point Breeze,15,Kennard Playground,Kennard Park,Kennard Park,Schenley,3273.395351,6354bb5b-f289-4868-a4b7-04d9ceb09d7b,pgh.dcp.allisot,2023-08-02T14:10:28.845000+00:00,pgh.dcp.allisot,2023-08-02T14:10:28.845000+00:00,Parks - Schenley,13.43468306,9a8d0795-2131-42b5-b735-95ee492dfa0e,93975.58594,1312.75365
18851,1276,150,0.02981724,1298.833723,Beautification Site,East Liberty,12,Penn Circle W Square,N Euclid Ave Square,N Euclid Ave Square,,194.3217402,d12831e9-bd61-4c52-ab4d-9931dd5f4f42,pgh.dcp.allisot,2023-08-02T14:10:28.845000+00:00,pgh.dcp.allisot,2023-08-02T14:10:28.845000+00:00,2nd Division,2.98E-02,04616ca3-d75a-4b6e-847c-d3398178c9da,208.6992188,77.84273009
18852,1277,64,2.64256517,115109.6784,Neighborhood Park,Fineview,3,Fineview Field,Fineview Field Park,Fineview Field,Riverview,1791.943651,21784547-a11b-4006-ad6c-9b27cf995c19,pgh.dcp.allisot,2023-08-02T14:10:28.845000+00:00,pgh.dcp.allisot,2023-08-02T14:10:28.845000+00:00,Parks - Riverview,2.64256517,199a4979-4487-4f4f-aaac-8fea9b2a76b3,18494.16016,593.9266796
18853,1278,153,23.08845927,1005729.263,Community Park,Phillips,5,Phillips Park,Phillips Park,Phillips Park,McKinley,7113.212854,24cd4273-9d1a-4886-a9f1-a3c4a9d50196,pgh.dcp.allisot,2023-08-02T14:10:28.845000+00:00,pgh.dcp.allisot,2023-08-02T14:10:28.845000+00:00,Parks - McKinley,23.08845927,9215dc8b-9098-4a2a-9c10-0f240b0200a4,161256.9805,2826.144871
18854,1279,20,0.24159906,10524.01282,Beautification Site,Beechview,5,Beechview Monument,Beechview Monument,Beechview Monument,,444.0834903,de2ca330-1b55-483d-9403-4637822ca5e3,pgh.dcp.allisot,2023-08-02T14:10:28.845000+00:00,pgh.dcp.allisot,2023-08-02T14:10:28.845000+00:00,5th Division,0.241599057,46471cfe-d6f6-4bd7-8cb4-f327f4f11423,1688.039063,177.9471884
18855,1280,196,2.45424772,106906.6032,Neighborhood Park,South Side,7,Winters Playground,Winters Park,Winters Park,McKinley,1961.472022,39be7594-ab5d-43e6-a152-a1cb6ec627ee,pgh.dcp.allisot,2023-08-02T14:10:28.845000+00:00,pgh.dcp.allisot,2023-08-02T14:10:28.845000+00:00,Parks - McKinley,2.454247723,3439014f-dff7-4075-b7b6-c4121c0fdd85,17157.26563,567.1402659
18856,1281,135,0.30517307,13293.28558,Beautification Site,East Liberty,12,Negley Run Strip,Negley Run Strip,Negley Run Strip,,2218.244329,8ac3fca1-8733-447b-988f-7aee4671ad77,pgh.dcp.allisot,2023-08-02T14:10:28.845000+00:00,pgh.dcp.allisot,2023-08-02T14:10:28.845000+00:00,2nd Division,0.305173066,e321928d-51e8-4f62-8082-22aca4f3f66a,2136.160156,888.7777353
18857,1282,190,22.54139275,981899.1407,Community Park,Bloomfield,13,West Penn Park,West Penn Park,West Penn Park,Schenley,4544.06311,a0481df3-0fb0-4913-8d63-74cf6358656b,pgh.dcp.allisot,2023-08-02T14:10:28.845000+00:00,pgh.dcp.allisot,2023-08-02T14:10:28.845000+00:00,Parks - Schenley,22.54139275,2440d1d1-6fa4-4ebe-98b4-ed4f2bf9dadd,157734.2813,1820.336745
18858,1283,23,5.9913806,260983.495,Neighborhood Park,Upper Hill,13,Bloomfield Playground,Paul J. Sciullo II Memorial Park,Bloomfield Park,Highland,3262.780878,4724c15b-ecec-4b4b-9b88-c709f759b98f,pgh.dcp.allisot,2023-08-02T14:10:28.845000+00:00,pgh.dcp.allisot,2023-08-02T14:10:28.845000+00:00,Parks - Highland,5.991380599,49a01905-d4be-4208-88ba-2f7a0969de16,41933.97266,1397.931958
18859,1284,40,0.34412426,14989.99294,Neighborhood Park,Crafton,4,Crafton Heights Tot Lot,Crafton Heights Park,Crafton Heights Park,Emerald,540.4619474,9fdbedd7-5f9c-4171-a8f3-abe2b238437f,pgh.dcp.allisot,2023-08-02T14:10:28.845000+00:00,pgh.dcp.allisot,2023-08-02T14:10:28.845000+00:00,Parks - Emerald,0.344124263,fbb1d115-d4e9-4863-afc2-bdb1fb167610,2406.679688,216.4050807
18860,1285,97,0.97633545,42529.00219,Neighborhood Park,Upper Hill,12,Kite Hill Parklet,Kite Hill Park,Kite Hill Park,Highland,858.4577187,02503ebc-2418-4c2e-b973-7e5d809e7408,pgh.dcp.allisot,2023-08-02T14:10:28.845000+00:00,pgh.dcp.allisot,2023-08-02T14:10:28.845000+00:00,Parks - Highland,0.976335452,7c0d0fc3-2e9a-488b-8635-4bd2244bd71d,6834.378906,349.5941072
18861,1286,9,8.08163221,352034.4908,Neighborhood Park,Morningside,15,Ammon Park,Ammon Park,Ammon Park,Schenley,2493.407401,e8ad959c-58fa-4c30-baa0-4264c8d10705,pgh.dcp.allisot,2023-08-02T14:10:28.845000+00:00,pgh.dcp.allisot,2023-08-02T14:10:28.845000+00:00,Parks - Schenley,8.081632208,248a8d4a-1961-4cc8-8edf-7e71955a2e48,56542.45313,999.3948317
18862,1287,28,56.0593594,2441935.928,Community Park,Brookline,5,Brookline Memorial Park,Brookline Memorial Park,Brookline Memorial Park,McKinley,9152.841612,041dc569-0b41-4383-bed6-df92c7b07dca,pgh.dcp.allisot,2023-08-02T14:10:28.845000+00:00,pgh.dcp.allisot,2023-08-02T14:10:28.845000+00:00,Parks - McKinley,56.0593594,e7e9365f-6cfe-486c-af5e-09772de77d8f,391526.4453,3540.386701
18863,1288,183,1.19725503,52152.22055,Neighborhood Park,South Side,15,Vincennes Parklet,Vincennes Park,Vincennes Park,Schenley,1142.213995,ebb605cb-0ca0-468f-b0b2-73a22e461106,pgh.dcp.allisot,2023-08-02T14:10:28.845000+00:00,pgh.dcp.allisot,2023-08-02T14:10:28.845000+00:00,Parks - Schenley,1.197255031,3500c099-f1cb-435b-a3c9-5ecc8cf116d7,8376.914063,373.5985708
18864,1289,149,3.46079612,150751.6759,Neighborhood Park,South Side,11,Paulson Playground,Paulson Park,Paulson Park,Highland,2017.612564,8180fb19-0d4a-451d-bec4-fc7decd19d52,pgh.dcp.allisot,2023-08-02T14:10:28.845000+00:00,pgh.dcp.allisot,2023-08-02T14:10:28.845000+00:00,Parks - Highland,3.460796118,5fe64db7-bb61-4301-b01c-1634bdb98e79,24226.73828,778.0455343
18865,1290,52,0.47028509,20485.53646,Neighborhood Park,Carnegie,4,East Carnegie Parklet,East Carnegie Park,East Carnegie Park,Emerald,573.2494265,dc099b67-b6ee-46da-bb87-4a7086b3c33a,pgh.dcp.allisot,2023-08-02T14:10:28.845000+00:00,pgh.dcp.allisot,2023-08-02T14:10:28.845000+00:00,Parks - Emerald,0.470285087,0dc76753-ff07-4b29-9a02-2c31fbf6abaa,3286.914063,229.6199885
18866,1291,169,0.41219492,17955.13868,Special Use Park,South Side,7,Southside Market House,Southside Market House,Southside Market House,McKinley,539.3537927,9bb8fe4a-a3ba-49ba-a3b3-bd099243b04e,pgh.dcp.allisot,2023-08-02T14:10:28.845000+00:00,pgh.dcp.allisot,2023-08-02T14:10:28.845000+00:00,Parks - McKinley,0.412194915,6c505a59-2a1d-48be-a5a7-fbf426307e4d,2882.171875,216.2142353
18867,1292,181,0.10828599,4716.918949,Neighborhood Park,Hazelwood,15,Tustin Tot Lot,Tustin Park,Tustin Park,Schenley,274.8088239,a5cbdc1d-502c-4d79-aa95-21d0699e578b,pgh.dcp.allisot,2023-08-02T14:10:28.845000+00:00,pgh.dcp.allisot,2023-08-02T14:10:28.845000+00:00,Parks - Schenley,0.108285992,95afe987-70c7-4acb-87d3-a15d9d75d42b,757.3242188,110.1097812
18868,1293,137,0.26202501,11413.76384,Neighborhood Park,Upper Hill,12,Nelson Mandela Peace Park,Nelson Mandela Peace Park,Nelson Mandela Peace Park,Highland,380.745856,35047ae7-12cb-4117-a56d-9651d14ca53e,pgh.dcp.allisot,2023-08-02T14:10:28.845000+00:00,pgh.dcp.allisot,2023-08-02T14:10:28.845000+00:00,Parks - Highland,0.262025011,304e5cbf-23fc-4aef-adcf-71f0d46a6e47,1834.128906,172.4973681
18869,1294,127,1.40141913,61045.573,Community Park,Downtown,16,Mellon Square Park,Mellon Square Park,Mellon Square Park,Riverview,972.1956333,edbff294-ea77-46e2-be64-dcfebbf319e8,pgh.dcp.allisot,2023-08-02T14:10:28.845000+00:00,pgh.dcp.allisot,2023-08-02T14:10:28.845000+00:00,Parks - Riverview,1.401419127,acf0d2b0-7a24-4d9b-a5e2-0f7f94df954a,9802.417969,389.5364288
18870,1295,113,2.30585031,100442.4375,Neighborhood Park,Manchester,3,Manchester Park,Manchester Park,Manchester Park,Riverview,1563.269184,ce0b955c-091a-4ce4-a0bd-6f24dfe298bb,pgh.dcp.allisot,2023-08-02T14:10:28.845000+00:00,pgh.dcp.allisot,2023-08-02T14:10:28.845000+00:00,Parks - Riverview,2.305850305,aa017847-05ef-471a-bf98-0f3a4ab0df34,16137.08594,626.1677876
18871,1296,48,5.80803259,252996.8877,Neighborhood Park,Shadyside,7,Devlin Field,Devlin Field Park,Devlin Field,McKinley,2721.869195,dd1c0a48-cb15-4324-acd9-3a88008cf1ed,pgh.dcp.allisot,2023-08-02T14:10:28.845000+00:00,pgh.dcp.allisot,2023-08-02T14:10:28.845000+00:00,Parks - McKinley,5.808032591,169c1d44-6eb0-4bf1-9792-9c58aee4a1fe,40592.34375,821.5264917
18872,1297,60,2.12151451,92412.8026,Neighborhood Park,Beechview,12,Enright Parklet,Enright Park,Enright Park,Highland,1394.572676,37c10cb4-aa70-4cac-9887-6221b5664713,pgh.dcp.allisot,2023-08-02T14:10:28.845000+00:00,pgh.dcp.allisot,2023-08-02T14:10:28.845000+00:00,Parks - Highland,2.121514515,c65d156f-57e6-4be3-abc5-2bb7f3699ac5,14848.18359,576.5424048
18873,1298,171,14.0526578,612131.3254,Riverfront Park,South Side,7,Southside Riverfront Park,Southside Riverfront Park,Southside Riverfront Park,McKinley,14053.03596,99ccb4c8-bc0c-403d-9442-3364c6e21096,pgh.dcp.allisot,2023-08-02T14:10:28.845000+00:00,pgh.dcp.allisot,2023-08-02T14:10:28.845000+00:00,Parks - McKinley,14.0526578,903849fe-0634-452b-b309-1cc6d8dd5e63,98266.66797,5301.9317
18874,1299,15,2.572473,112056.4757,Public School,Banksville,5,Banksville School,Banksville School Park,Banksville School,Emerald,573.3214847,8e5ecb6a-dba7-449f-bef7-d76ac0c446b4,pgh.dcp.allisot,2023-08-02T14:10:28.845000+00:00,pgh.dcp.allisot,2023-08-02T14:10:28.845000+00:00,Parks - Emerald,2.572473001,a052cd1e-32a6-465a-855d-002da6a1f8d6,17975.67188,622.2612148
18875,1300,21,0.80511806,35070.80254,Regional Park,Mount Washington,6,Bigbee Field,Emerald View Park - Bigbee Field Park,Emerald View Regional Park,Emerald,908.2903699,5dbd0956-a4df-4f5a-b85d-0b5928ef258e,pgh.dcp.allisot,2023-08-02T14:10:28.845000+00:00,pgh.dcp.allisot,2023-08-02T14:10:28.845000+00:00,Parks - Emerald,0.805118063,be80a223-f05f-4183-ab03-a8aa4b6c7be1,5629.332031,363.4876898
18876,1301,160,258.6042888,11264757.76,Regional Park,Perry North,2,Riverview Park,Riverview Park,Riverview Park,Riverview,72135.87054,bfa19f54-250b-4e8e-9898-5a8f45e003b8,pgh.dcp.allisot,2023-08-02T14:10:28.845000+00:00,pgh.dcp.allisot,2023-08-02T14:10:28.845000+00:00,Parks - Riverview,258.6042888,fde516ec-24e4-4dd5-a0c0-20db35a84ee8,1811034.703,28925.14147
18877,1302,126,0.67192713,29269.02887,Beautification Site,Squirrel Hill,10,Mellon Park Island,Mellon Park Island,Mellon Park Island,,744.325083,79324a1c-1ea2-4101-8abc-c0bb3353dfc8,pgh.dcp.allisot,2023-08-02T14:10:28.845000+00:00,pgh.dcp.allisot,2023-08-02T14:10:28.845000+00:00,3rd Division,0.671927134,073cc414-b5da-45a5-93b8-cfeb77dd2872,4701.472656,298.3947681
18878,1303,1,1.65951668,72288.25745,Neighborhood Park,North Side,5,Able Long Parklet,Able Long Park,Able Long Park,McKinley,1079.638582,fb46cd7e-fcf3-47de-86b2-b44a62ecb0da,pgh.dcp.allisot,2023-08-02T14:10:28.845000+00:00,pgh.dcp.allisot,2023-08-02T14:10:28.845000+00:00,Parks - McKinley,1.659516681,49bbeac5-d343-4ab8-9424-631dacccd22a,11596.47656,432.5182143
18879,1304,104,6.02794437,262576.2063,Neighborhood Park,Upper Hill,13,Leslie Park,Leslie Park,Leslie Park,Highland,2066.0046,8728e9ee-a6c5-49fa-80f8-b369a26aae02,pgh.dcp.allisot,2023-08-02T14:10:28.845000+00:00,pgh.dcp.allisot,2023-08-02T14:10:28.845000+00:00,Parks - Highland,6.027944367,255c6509-2013-47d3-8728-5a76ac0d0cfa,42203.05078,828.4209903
18880,1305,119858,2.47124369,107646.9446,Community Park,Upper Hill,16,I579 Cap Park,Frankie Pace Park,I579 Cap Park,Riverview,930.7570527,,pgh.dcp.allisot,2023-08-02T14:10:28.845000+00:00,pgh.dcp.allisot,2023-08-02T14:10:28.845000+00:00,Parks - Riverview,2.471243691,31e413b5-d301-4bf1-af18-2c8dad1e6f57,17285.43359,853.9602701
18881,1306,116,2.7625784,120337.4339,Neighborhood Park,Point Breeze,2,Marmaduke Playground,Marmaduke Park,Marmaduke Park,Riverview,1791.427945,273f4bbe-25d9-42a3-a546-370af99b1275,pgh.dcp.allisot,2023-08-02T14:10:28.845000+00:00,pgh.dcp.allisot,2023-08-02T14:10:28.845000+00:00,Parks - Riverview,2.762578404,6bdda84e-f06f-4de8-9700-0dddb8afaf2e,19348.20703,718.0492698
18882,1307,6,0.17569801,7653.374767,Neighborhood Park,Upper Hill,3,Alpine #2 Parklet,Alpine Gardens Park,Alpine Gardens Park,Riverview,302.5621826,d2665673-a177-4850-8941-8ce097a592ec,pgh.dcp.allisot,2023-08-02T14:10:28.845000+00:00,pgh.dcp.allisot,2023-08-02T14:10:28.845000+00:00,Parks - Riverview,0.175698011,859f290a-272d-44db-b761-11c58339971c,1229.546875,200.500299
18883,1308,82,0.2585736,11263.42114,Beautification Site,Hill District,14,Harris Triangle,Harris Triangle,Harris Triangle,,646.6855618,d842d827-fc4b-4451-98da-151fc35d1a76,pgh.dcp.allisot,2023-08-02T14:10:28.845000+00:00,pgh.dcp.allisot,2023-08-02T14:10:28.845000+00:00,3rd Division,0.258573604,afe65e5c-09f3-4722-8b60-3f1edb9e4878,1809.445313,259.5245106
18884,1309,2,0.38154541,16620.05161,Neighborhood Park,Upper Hill,15,"Albert ""Turk"" Graham Parklet",Albert Turk Graham Park,"Albert ""Turk"" Graham Park",Schenley,542.4043776,98c0046f-47d7-455c-b39d-5183317e15d8,pgh.dcp.allisot,2023-08-02T14:10:28.845000+00:00,pgh.dcp.allisot,2023-08-02T14:10:28.845000+00:00,Parks - Schenley,0.381545411,f11ad5c6-b0a3-4dfe-9759-9ffd5fd57e86,2668.734375,217.4103441
18885,1310,176,3.42760093,149305.6993,Neighborhood Park,Upper Hill,13,Sullivan Playground,Sullivan Park,Sullivan Park,Highland,1791.926439,58ad185e-9524-4e93-bc10-328dd2172dc1,pgh.dcp.allisot,2023-08-02T14:10:28.845000+00:00,pgh.dcp.allisot,2023-08-02T14:10:28.845000+00:00,Parks - Highland,3.427600931,e9567bd9-cb76-4d0a-883a-480b67204f4e,23990.11719,718.0722538
18886,1311,16,0.27823484,12119.86121,Beautification Site,South Side,14,Bates St Triangle,Bates St Triangle,Bates St Triangle,,431.5068189,88d2aac9-ab97-4fe4-95de-093659d7a5fd,pgh.dcp.allisot,2023-08-02T14:10:28.845000+00:00,pgh.dcp.allisot,2023-08-02T14:10:28.845000+00:00,3rd Division,0.278234841,a8eda734-ff98-4869-8902-dc99cf1f6312,1945.808594,172.8822072
18887,1312,185,2.43646042,106131.7915,Neighborhood Park,Wabash,4,Wabash Playground,Wabash Park,Wabash Park,Emerald,1676.460212,92eb8cf6-4bbf-4a30-8b50-91ffe4b4fdda,pgh.dcp.allisot,2023-08-02T14:10:28.845000+00:00,pgh.dcp.allisot,2023-08-02T14:10:28.845000+00:00,Parks - Emerald,2.436460423,a1efaf84-72b4-465e-ad24-9ffefe0a3f2a,17041.16406,672.5253419
18888,1313,76,0.00106942,46.58370335,Beautification Site,Glen Hazel,10,Glen Arden Circle,Glen Arden Circle,Glen Arden Circle,,24.316377,c273533e-c3d7-41a9-ad58-cac20ff7937b,pgh.dcp.allisot,2023-08-02T14:10:28.845000+00:00,pgh.dcp.allisot,2023-08-02T14:10:28.845000+00:00,3rd Division,1.07E-03,ffe310c4-411a-4b2f-afe4-1bf65aa52fc0,7.49609375,9.744908348
18889,1314,17,0.27630339,12035.72741,Beautification Site,East Liberty,12,Baum Negley Triangle,Baum Negley Triangle,Baum Negley Triangle,,504.3722247,fa3d8490-619c-4c5d-acee-a60c745dd8b5,pgh.dcp.allisot,2023-08-02T14:10:28.845000+00:00,pgh.dcp.allisot,2023-08-02T14:10:28.845000+00:00,2nd Division,0.276303387,03a19a90-d820-44a8-8996-fa848aa28b9c,1933.660156,202.0805637
18890,1315,83,1.26313167,55021.79543,Neighborhood Park,Hays,8,Hays Parklet,Hays Park,Hays Park,Frick,1369.164479,286d8335-f1a8-402b-969d-0ede4cfcd2cc,pgh.dcp.allisot,2023-08-02T14:10:28.845000+00:00,pgh.dcp.allisot,2023-08-02T14:10:28.845000+00:00,Parks - Frick,1.263131669,839cd20f-900c-4f06-a597-7d0556221b91,8820.171875,548.103134
18891,1316,162,0.56201186,24481.13882,Neighborhood Park,South Side,9,Saline St Parklet,Saline Street Green Space,Saline Street Park,,683.7836912,c9d04732-f884-4f01-b246-e63df43fedb8,pgh.dcp.allisot,2023-08-02T14:10:28.845000+00:00,pgh.dcp.allisot,2023-08-02T14:10:28.845000+00:00,3rd Division,0.562011863,f6a2b9c0-e731-406b-88b2-8531417832b8,3929.742188,273.9738347
18892,1317,93,0.03451084,1503.286345,Beautification Site,Downtown,16,Jail Triangle,Jail Triangle,Jail Triangle,,169.0067854,2193e97c-d602-446e-94a5-d37370e864ec,pgh.dcp.allisot,2023-08-02T14:10:28.845000+00:00,pgh.dcp.allisot,2023-08-02T14:10:28.845000+00:00,6th Division,3.45E-02,1074961c-d41c-4c59-81a2-7b0a4daf4e0f,241.4101563,67.6634338
18893,1319,25,0.45757118,19931.72077,Neighborhood Park,Boundary,14,Boundary St Tot Lot,Boundary Street Park,Boundary St. Park,Schenley,604.7525384,d6781a89-d8c3-4c74-b126-ce95efd574ed,pgh.dcp.allisot,2023-08-02T14:10:28.845000+00:00,pgh.dcp.allisot,2023-08-02T14:10:28.845000+00:00,Parks - Schenley,0.457571178,831b516e-3621-4157-b740-6db1834d3dbf,3200.316406,242.2180102
18894,1320,88,0.05664555,2467.470269,Beautification Site,Highland Park,12,Highland Ave Plant Strip,Highland Ave Plant Strip,Highland Ave Plant Strip,,361.0746153,646d5e11-0ec7-4f5b-81ad-0e50bd2bfcbe,pgh.dcp.allisot,2023-08-02T14:10:28.845000+00:00,pgh.dcp.allisot,2023-08-02T14:10:28.845000+00:00,2nd Division,5.66E-02,e96d0cf2-1cac-4672-832e-21c9c1cc1419,396.515625,144.567857
18895,1321,50,6.7457143,293842.1397,Neighborhood Park,Hill District,4,Dunbar Playground,Dunbar Park,Dunbar Park,Emerald,2666.556307,5d9753a7-660a-4015-abb1-96fb651a03cf,pgh.dcp.allisot,2023-08-02T14:10:28.845000+00:00,pgh.dcp.allisot,2023-08-02T14:10:28.845000+00:00,Parks - Emerald,6.745714305,9e15c35a-5844-448e-8a7a-0aabce532515,47180.71094,1068.128904
18896,1322,100,0.12453154,5424.572285,Beautification Site,West End,10,Le Roi Rd Island,Le Roi Rd Island,Le Roi Rd Island,,541.8156915,f6aa791b-e26a-4809-8abb-6b6b83fc14cc,pgh.dcp.allisot,2023-08-02T14:10:28.845000+00:00,pgh.dcp.allisot,2023-08-02T14:10:28.845000+00:00,3rd Division,0.124531542,e28a999b-0126-4d11-b5b7-9af4bf126a10,871.2226563,217.3852558
18897,1323,73,3.42606896,149238.9668,Neighborhood Park,Gardner,1,Gardner Field,Gardner Park,Gardner Park,Riverview,1857.623227,62e2d7c6-aeec-4aef-83a6-3fd1f4dcb8ee,pgh.dcp.allisot,2023-08-02T14:10:28.845000+00:00,pgh.dcp.allisot,2023-08-02T14:10:28.845000+00:00,Parks - Riverview,3.426068956,e41a6b4f-8e75-4ae4-b5b4-7c2070d4aeba,23978.80078,744.8218582
18898,1324,61,0.13258774,5775.498858,Neighborhood Park,Esplen,4,Esplen Tot Lot,Esplen Park,Esplen Park,Emerald,365.8280525,3be60947-2c73-4a72-b6d0-3461abc6e3d2,pgh.dcp.allisot,2023-08-02T14:10:28.845000+00:00,pgh.dcp.allisot,2023-08-02T14:10:28.845000+00:00,Parks - Emerald,0.13258774,5782c937-057e-4211-8835-58b82c817eeb,927.9453125,127.7603987
18899,1325,94,0.59325563,25842.11185,Neighborhood Park,Jefferson,3,Jefferson Playground,Jefferson Park,Jefferson Park,Riverview,679.9377887,fbfc5a30-c277-428b-b9a3-d8fd5eb06a64,pgh.dcp.allisot,2023-08-02T14:10:28.845000+00:00,pgh.dcp.allisot,2023-08-02T14:10:28.845000+00:00,Parks - Riverview,0.593255629,d41e082f-78e3-4185-b0bb-a18da1f1fcb6,4151.851563,272.7106316
18900,1326,168,0.85328785,37169.07015,Special Use Park,Sheraden,4,Sheraden Senior Center,Sheraden Healthy Active Living Center,Sheraden Senior Center,Emerald,609.3831589,0a4c9da4-797d-466c-859a-27575a608045,pgh.dcp.allisot,2023-08-02T14:10:28.845000+00:00,pgh.dcp.allisot,2023-08-02T14:10:28.845000+00:00,Parks - Emerald,0.853287852,9ef1494e-0331-43d0-8923-f14e4ec4b0c2,5970.960938,350.4499207
18901,1327,209,1.61390665,70301.49267,Beautification Site,Downtown,16,Fort Duquesne Blvd Strip,Fort Duquesne Blvd Strip,Fort Duquesne Blvd Strip,,8077.472996,683f2117-5293-470b-89bd-a70f4e6775bd,pgh.dcp.allisot,2023-08-02T14:10:28.845000+00:00,pgh.dcp.allisot,2023-08-02T14:10:28.845000+00:00,Parks - Riverview,1.613906655,553a8577-2822-4624-a46f-307adf85a7bc,11289.84766,3232.345086
18902,1328,163,0.33779457,14714.27278,Beautification Site,South Side,10,Saline St Passive Area,Saline St Passive Area,Saline St Passive Area,,586.9332618,dddea333-de61-4d3e-82ef-0c05ef00d7be,pgh.dcp.allisot,2023-08-02T14:10:28.845000+00:00,pgh.dcp.allisot,2023-08-02T14:10:28.845000+00:00,3rd Division,0.337794574,7c435067-0a45-481f-b5e7-a2a464ff31bf,2361.242188,234.9894377
18903,1329,39,0.08777855,3823.618182,Beautification Site,Crafton,14,Craft Triangle,Craft Triangle,Craft Triangle,,249.4495686,ed06cbc2-d61c-453c-a61f-0b2f2aea4fac,pgh.dcp.allisot,2023-08-02T14:10:28.845000+00:00,pgh.dcp.allisot,2023-08-02T14:10:28.845000+00:00,3rd Division,8.78E-02,b5458f65-3b2e-4262-8f76-db716c802e7a,613.9023438,99.92768345
18904,1330,159,0.03792438,1651.979382,Beautification Site,Reynolds,10,Reynolds St Planting Circle,Reynolds St Planting Circle,Reynolds St Planting Circle,,144.680592,530e9f89-cd66-4416-bcfc-5427f7dd7f84,pgh.dcp.allisot,2023-08-02T14:10:28.845000+00:00,pgh.dcp.allisot,2023-08-02T14:10:28.845000+00:00,3rd Division,3.79E-02,562a30de-ecd7-44f2-9d82-1e9669a2f597,265.3007813,57.98127256
18905,1331,155,0.02312035,1007.118431,Beautification Site,Polish Hill,13,Polish Hill Monument,Polish Hill Monument,Polish Hill Monument,,134.4414294,b37088bf-d7c0-401e-9d93-e5f9f85ca70b,pgh.dcp.allisot,2023-08-02T14:10:28.845000+00:00,pgh.dcp.allisot,2023-08-02T14:10:28.845000+00:00,2nd Division,2.31E-02,a9dea552-775d-4dab-9614-acc34c010eed,161.7890625,53.92725164
18906,1332,102,0.14585206,6353.290406,Neighborhood Park,Leister,1,Leister St Parklet,Leister Street Park,Leister Street Park,Riverview,410.5360479,a9d16cfe-003c-476c-8ea2-0d522202d3ea,pgh.dcp.allisot,2023-08-02T14:10:28.845000+00:00,pgh.dcp.allisot,2023-08-02T14:10:28.845000+00:00,Parks - Riverview,0.145852062,829fd152-3daa-41e3-a30e-50f5dc19fe24,1020.828125,130.9162638
18907,1333,29,0.09355207,4075.111984,Beautification Site,Brookline,5,Brookline Monument,Brookline Monument,Brookline Monument,,301.2499301,db8866c6-e4e2-40cc-9b91-b6a61dbb8579,pgh.dcp.allisot,2023-08-02T14:10:28.845000+00:00,pgh.dcp.allisot,2023-08-02T14:10:28.845000+00:00,4th Division,9.36E-02,29d1137f-d19e-4ecf-9f57-5ca36b5d7fa6,653.4375,120.5566758
18908,1334,3,2.52521356,109997.8629,Community Park,North Side,3,Allegheny Center Plaza Park,Buhl Community Park at Allegheny Square,Buhl Community Park at Allegheny Square,Riverview,1999.776166,8d8c8881-084a-4daf-b347-d9e9dc83f9b7,pgh.dcp.allisot,2023-08-02T14:10:28.845000+00:00,pgh.dcp.allisot,2023-08-02T14:10:28.845000+00:00,Parks - Riverview,2.525213564,0368dba3-d650-45fd-9327-fe6d8860bae0,17668.99219,1001.225703
18909,1335,136,0.15624296,6805.915946,Beautification Site,East Liberty,12,Negley-Collins Triangle,Negley-Collins Triangle,Negley-Collins Triangle,,340.7149413,6800cfe2-5d26-4f19-a71f-8e507978ad94,pgh.dcp.allisot,2023-08-02T14:10:28.845000+00:00,pgh.dcp.allisot,2023-08-02T14:10:28.845000+00:00,2nd Division,0.156242956,907c4800-a955-4013-bdbc-01be47ebd845,1093.683594,136.5110143
18910,1336,114,2.80961088,122386.1603,Neighborhood Park,Manchester,3,Manchester Playground,Manchester School Park,Manchester School Park,Riverview,1734.433952,98a049bc-a038-4cf7-bc06-a8ab9c41582f,pgh.dcp.allisot,2023-08-02T14:10:28.845000+00:00,pgh.dcp.allisot,2023-08-02T14:10:28.845000+00:00,Parks - Riverview,2.809610877,706ec419-ccdb-489c-b24b-df0199654fab,19661.4375,572.7152686
18911,1337,170,57.31134955,2496472.4,Community Park,South Side,7,Southside Park,Southside Park,Southside Park,McKinley,15701.01998,95cc2ac5-a1c2-4648-a584-a51d1cc70630,pgh.dcp.allisot,2023-08-02T14:10:28.845000+00:00,pgh.dcp.allisot,2023-08-02T14:10:28.845000+00:00,Parks - McKinley,57.31134955,2014f626-89bc-49f0-b03f-9dbff8a38a8d,400636.5391,6189.72606
18912,1338,166,0.14885629,6484.153953,Beautification Site,Sheraden,4,Sheraden Monument,Sheraden Monument,Sheraden Monument,,369.4786613,8418b4f5-e453-45fb-9b9f-71b56a782739,pgh.dcp.allisot,2023-08-02T14:10:28.845000+00:00,pgh.dcp.allisot,2023-08-02T14:10:28.845000+00:00,5th Division,0.148856288,70f3d4ad-4138-4026-b20b-1c3349a97fde,1041.59375,148.1131491
18913,1339,14,16.63917312,724799.4821,Community Park,Banksville,5,Banksville Park,Banksville Park,Banksville Park,Emerald,6186.419401,62ec008f-5309-4759-8d0e-3548938dcd38,pgh.dcp.allisot,2023-08-02T14:10:28.845000+00:00,pgh.dcp.allisot,2023-08-02T14:10:28.845000+00:00,Parks - Emerald,16.63917312,597660f7-0b37-4624-b3dc-a4c3117fecb8,116293.5313,2477.592413
18914,1340,124,0.6059212,26393.8217,Beautification Site,Point Breeze,11,McPherson Blvd Strip,McPherson Blvd Strip,McPherson Blvd Strip,Frick,2418.068278,7b7961f7-5e49-410f-a46c-cb27d41465fc,pgh.dcp.allisot,2023-08-02T14:10:28.845000+00:00,pgh.dcp.allisot,2023-08-02T14:10:28.845000+00:00,Parks - Frick,0.605921195,2b2295f0-fe0f-487d-9add-86a51c8c6878,4239.945313,968.2222647
18915,1341,35,6.14846033,267825.8605,Neighborhood Park,Chartiers,4,Chartiers Playground,Chartiers Park,Chartiers Park,Emerald,2197.202504,3bd43bb8-9677-45be-8b89-7d05c1d78cf6,pgh.dcp.allisot,2023-08-02T14:10:28.845000+00:00,pgh.dcp.allisot,2023-08-02T14:10:28.845000+00:00,Parks - Emerald,6.148460327,39a8802d-460d-4f3a-bf68-ed843e029246,43026.78125,880.6089216
18916,1342,165,1.01120174,44047.77164,Neighborhood Park,Scherer,1,Scherer Field,Scherer Park,Scherer Field,Riverview,869.0224808,207b0267-2101-4b62-aa7b-4c55ace2496e,pgh.dcp.allisot,2023-08-02T14:10:28.845000+00:00,pgh.dcp.allisot,2023-08-02T14:10:28.845000+00:00,Parks - Riverview,1.011201741,b19d9cdf-1898-4107-9daf-6330d3c822e8,7078.359375,348.5660037
18917,1343,53,61.38590585,2673959.363,Community Park,North Side,3,East Common Park,Allegheny Commons,Allegheny Commons Park,Riverview,8643.019657,ed54111f-f829-49c1-87b0-4f0e06c2ccaa,pgh.dcp.allisot,2023-08-02T14:10:28.845000+00:00,pgh.dcp.allisot,2023-08-02T14:10:28.845000+00:00,Parks - Riverview,61.38590585,cff02f10-d822-4486-a69f-e30c1fab6baa,429525.4766,9038.509074
18918,1344,11,4.20716074,183263.189,Neighborhood Park,Arlington,7,Arlington Playground,Arlington Park,Arlington Park,McKinley,1714.739201,feb2c1cf-1ba5-4a8d-9bca-7dcd9165fed2,pgh.dcp.allisot,2023-08-02T14:10:28.845000+00:00,pgh.dcp.allisot,2023-08-02T14:10:28.845000+00:00,Parks - McKinley,4.207160744,209e291b-7312-4f54-bcc2-4006fe1a3ffb,29407.89844,687.0920729
18919,1345,134,0.89138456,38828.55602,Beautification Site,East Liberty,12,Negley Run Blvd,Negley Run Blvd,Negley Run Blvd,,1568.619658,0d64322c-0c5d-4008-9652-0cf4c8e5075e,pgh.dcp.allisot,2023-08-02T14:10:28.845000+00:00,pgh.dcp.allisot,2023-08-02T14:10:28.845000+00:00,2nd Division,0.891384558,7b088ec8-5591-493f-8007-f731bfd5aa7d,6239.691406,628.0008804
18920,1346,123,1.61581893,70384.79117,Neighborhood Park,McKnight,3,McKnight Playground,McKnight Park,McKnight Park,Riverview,1279.692453,715318ec-dbf0-4148-a625-0277f6755aab,pgh.dcp.allisot,2023-08-02T14:10:28.845000+00:00,pgh.dcp.allisot,2023-08-02T14:10:28.845000+00:00,Parks - Riverview,1.615818933,30d73a04-c560-46d5-9464-6263ac541755,11305.76563,512.3626352
18921,1347,56,2.49637414,108741.6227,Beautification Site,East Liberty,12,East Liberty Strip,East Liberty Blvd Strip,East Liberty Strip,Highland,8837.890985,8121f4fa-9924-4f9a-8873-2f401c09de85,pgh.dcp.allisot,2023-08-02T14:10:28.845000+00:00,pgh.dcp.allisot,2023-08-02T14:10:28.845000+00:00,Parks - Highland,2.496374143,be5c2281-27b7-47c7-bb43-f37e40e4b3fc,17473.60938,3482.030454
18922,1348,67,0.84428328,36776.97974,Neighborhood Park,Four Mile Run,9,Four Mile Run Playground,Four Mile Run Park,Four Mile Run Park,Schenley,2243.357678,5add2480-4844-49fa-97f4-adba23a96075,pgh.dcp.allisot,2023-08-02T14:10:28.845000+00:00,pgh.dcp.allisot,2023-08-02T14:10:28.845000+00:00,Parks - Schenley,0.844283282,22ac8bd4-33ee-463d-8243-9e84a1eb73c3,5903.21875,503.4503
18923,1349,128,0.07906007,3443.843021,Beautification Site,Monitor,10,Monitor St and St Phil Islands,Monitor St and St Phil Islands,Monitor St and St Phil Islands,,251.9453027,8b16bb3a-205c-4812-aa9a-ad87e31e2a78,pgh.dcp.allisot,2023-08-02T14:10:28.845000+00:00,pgh.dcp.allisot,2023-08-02T14:10:28.845000+00:00,3rd Division,7.91E-02,d8341ecd-7d27-4217-aa7e-99afd74937bd,552.7617188,100.9028954
18924,1350,44,7.22028579,314514.3912,Neighborhood Park,Frank Curto,13,Curto Park,Frank Curto Park,Frank Curto Park,Schenley,4947.79134,789bcaf2-11c5-4ada-82e8-e03ad3899319,pgh.dcp.allisot,2023-08-02T14:10:28.845000+00:00,pgh.dcp.allisot,2023-08-02T14:10:28.845000+00:00,Parks - Schenley,7.220285795,bba9f042-b18f-4c0b-82e7-2b3e8c3fa194,50518.42969,1980.85704
18925,1351,161,12.31219829,536317.2121,Neighborhood Park,East Liberty,15,Robert E Williams Park,Robert E. Williams Park,Robert E. Williams Herron Hill Park,Schenley,2850.690333,4390547d-5c60-4ce3-af1e-6850bc23786a,pgh.dcp.allisot,2023-08-02T14:10:28.845000+00:00,pgh.dcp.allisot,2023-08-02T14:10:28.845000+00:00,Parks - Schenley,12.31219829,08265795-7f26-463c-baaf-7f7b1e3cb7ca,86154.48047,1142.480583
18926,1352,117,0.2601979,11334.17518,Neighborhood Park,Marshall,2,Marshall- California Parklet,Marshall-California Park,Marshall-California Park,Riverview,410.241351,983fe92d-da67-43c0-8bc3-997714b25d4d,pgh.dcp.allisot,2023-08-02T14:10:28.845000+00:00,pgh.dcp.allisot,2023-08-02T14:10:28.845000+00:00,Parks - Riverview,0.2601979,51ed3fb6-c8da-49a8-9780-73b1f0d954e0,1821.152344,164.3997184
18927,1353,131,0.60060083,26162.0676,Beautification Site,Morrow,12,Morrow Triangle,Morrow Triangle Park,Morrow Triangle,Highland,682.9690225,074eb498-c5ce-4a44-a57e-3da9bb631f88,pgh.dcp.allisot,2023-08-02T14:10:28.845000+00:00,pgh.dcp.allisot,2023-08-02T14:10:28.845000+00:00,Parks - Highland,0.600600832,a6ea8592-0f0a-4395-8a71-1fa6c614884c,4202.929688,273.7117215
18928,1354,133,0.34528554,15040.57817,Neighborhood Park,Mutual,4,Mutual Parklet,Mutual Park,Mutual Park,Emerald,629.8808315,c3ced6af-31f3-4c14-88e2-a17fe6b295e6,pgh.dcp.allisot,2023-08-02T14:10:28.845000+00:00,pgh.dcp.allisot,2023-08-02T14:10:28.845000+00:00,Parks - Emerald,0.345285545,94ea30fd-e785-4e82-b20b-8214919210b3,2415.929688,252.6184333
18929,1355,63,1.99688562,86983.98975,Neighborhood Park,57th,13,Fifty-Seventh St Playground,Fifty-Seventh Street Park,Fifty-Seventh Street Park,Highland,1535.496174,31373659-cf0f-4036-9c4b-b23dc2763456,pgh.dcp.allisot,2023-08-02T14:10:28.845000+00:00,pgh.dcp.allisot,2023-08-02T14:10:28.845000+00:00,Parks - Highland,1.996885622,6618218b-ce98-4a56-a69d-0615f2e5f0d7,13986.10547,461.3259055
18930,1356,208,30.3636409,1322634.907,Neighborhood Park,Vanucci,5,Vanucci Field,Vanucci Park,Vanucci Park,McKinley,2391.382596,19b0ba76-3aad-4e9f-9174-18013f454a6d,pgh.dcp.allisot,2023-08-02T14:10:28.845000+00:00,pgh.dcp.allisot,2023-08-02T14:10:28.845000+00:00,Parks - McKinley,30.3636409,a00cc7c7-8c3c-4e7e-b4cb-1c26b57d2fda,212225.2227,2670.949129
18931,1357,12,1.48849278,64838.48627,Neighborhood Park,Armstrong,7,Armstrong Playground,Armstrong Park,Armstrong Park,McKinley,1015.277272,8b1b9560-5b36-4925-93a2-205b276edb4f,pgh.dcp.allisot,2023-08-02T14:10:28.845000+00:00,pgh.dcp.allisot,2023-08-02T14:10:28.845000+00:00,Parks - McKinley,1.488492783,828acaae-4f8b-4afa-98d5-5d2ad88e3742,10407.51953,403.6187034
18932,1358,207,1.48028571,64480.98748,Neighborhood Park,Beechview,5,Tropical Parklet,Tropical Park,Tropical Park,McKinley,1057.285764,96b7ba58-af4f-4803-a06a-ee46a0219b12,pgh.dcp.allisot,2023-08-02T14:10:28.845000+00:00,pgh.dcp.allisot,2023-08-02T14:10:28.845000+00:00,Parks - McKinley,1.480285707,70692043-369c-4309-810b-b27498c0c3a6,10348.34766,423.4350352
18933,1359,213,1.59846479,69628.84794,Community Park,Perry North,2,Garvin Park,Garvin Park,Garvin Park,Riverview,1257.129053,ab7d15a3-5b0e-443c-bf14-dcd01d68da59,pgh.dcp.allisot,2023-08-02T14:10:28.845000+00:00,pgh.dcp.allisot,2023-08-02T14:10:28.845000+00:00,Parks - Riverview,1.598464795,06ca9b33-ab7f-45c6-bed9-11e6850051d0,11197.73047,462.9914554
18934,1360,144,2.10955456,91891.82923,Neighborhood Park,South Side,7,Ormsby Playground,Ormsby Park,Ormsby Park,McKinley,1549.34964,a67c8014-7b92-4125-af8e-aa51286451f2,pgh.dcp.allisot,2023-08-02T14:10:28.845000+00:00,pgh.dcp.allisot,2023-08-02T14:10:28.845000+00:00,Parks - McKinley,2.109554564,5b272f29-a6ca-4721-9c64-1f8c29477b18,14750.56641,534.1451048
18935,1361,324421,0.09182823,4000.02164,Neighborhood Park,South Side,7,Esser Plaza Park,Esser Plaza Park,Esser Plaza Park,McKinley,384.9256027,,pgh.dcp.allisot,2023-08-02T14:10:28.845000+00:00,pgh.dcp.allisot,2023-08-02T14:10:28.845000+00:00,Parks - McKinley,9.18E-02,c13e23e1-c558-4f0f-b0c6-c461addd5fd5,797.953125,116.1047311
18936,1362,65,1.76197212,76751.19865,Neighborhood Park,Fineview,3,Fineview Playground,Fineview Park,Fineview Park,Riverview,1108.511978,db4b7e9e-0652-4636-8213-593a7cfc5953,pgh.dcp.allisot,2023-08-02T14:10:28.845000+00:00,pgh.dcp.allisot,2023-08-02T14:10:28.845000+00:00,Parks - Riverview,1.761972122,b7e3b7ce-9553-4660-8ca7-c5c256916da2,12331.94922,444.2305538
18937,1363,172,6.62192106,288449.7276,Neighborhood Park,Spring Garden,1,Spring Garden Field,Spring Garden Park,Spring Garden Park,Riverview,1231.008936,cafe92f4-0b45-42f4-9411-15363c7d50d1,pgh.dcp.allisot,2023-08-02T14:10:28.845000+00:00,pgh.dcp.allisot,2023-08-02T14:10:28.845000+00:00,Parks - Riverview,6.621921061,04bc57a7-546d-49a3-bc7a-59becae4f89a,46351.22266,1403.750538
18938,1364,121,5.19255903,226186.9665,Neighborhood Park,Upper Hill,4,McGonigle Playground,McGonigle Park,McGonigle Park,Emerald,4098.949165,96e44c78-3181-4961-8e84-b40b284bbfb6,pgh.dcp.allisot,2023-08-02T14:10:28.845000+00:00,pgh.dcp.allisot,2023-08-02T14:10:28.845000+00:00,Parks - Emerald,5.192559027,0244498a-f124-41cd-9957-e211b712704c,36340.36328,838.9114539
18939,1365,7,4.02708069,175418.933,Neighborhood Park,Upper Hill,5,Alton Playground,Alton Park,Alton Park,McKinley,1680.937781,5469398c-9490-4e55-b4d4-776bc4862a7e,pgh.dcp.allisot,2023-08-02T14:10:28.845000+00:00,pgh.dcp.allisot,2023-08-02T14:10:28.845000+00:00,Parks - McKinley,4.027080686,089dc244-3384-4248-bed7-dc936cad3a41,28146.05078,673.3417241
18940,1366,141,4.88269047,212689.1463,Neighborhood Park,Oakwood,4,Oakwood Playground,Oakwood Park,Oakwood Park,Emerald,3111.475531,62caf5f1-7f9e-4563-8a86-41b42ccbf634,pgh.dcp.allisot,2023-08-02T14:10:28.845000+00:00,pgh.dcp.allisot,2023-08-02T14:10:28.845000+00:00,Parks - Emerald,4.882690475,7360abf1-0361-4a2a-89c5-12455de86817,34137.58203,1246.823873
18941,1367,214,3.2963859,143589.9953,Neighborhood Park,Strip District,12,Liberty Green Park,Liberty Green Park,Liberty Green Park,Highland,1386.221688, ,pgh.dcp.allisot,2023-08-02T14:10:28.845000+00:00,pgh.dcp.allisot,2023-08-02T14:10:28.845000+00:00,Parks - Highland,3.296386,cfcaaad1-9f0f-49e1-9671-1d49efcfb57a,23072.14844,931.7483943
18942,1368,70,3.43397554,149583.3763,Neighborhood Park,Hill District,14,Frazier Playground,Frazier Park,Frazier Park,Schenley,1740.352865,f31f2520-2ab6-4e6b-8999-82166ba2e957,pgh.dcp.allisot,2023-08-02T14:10:28.845000+00:00,pgh.dcp.allisot,2023-08-02T14:10:28.845000+00:00,Parks - Schenley,3.433975543,663de84f-d89d-407f-ad57-1142d89d72ab,24011.14844,697.1679387
18943,1369,204,0.64868509,28256.60933,Neighborhood Park,Hill District,4,Townsend Parklet,Townsend Park,Townsend Park,Emerald,669.5350464,446d0fe8-1532-4253-8258-fcb5c0677421,pgh.dcp.allisot,2023-08-02T14:10:28.845000+00:00,pgh.dcp.allisot,2023-08-02T14:10:28.845000+00:00,Parks - Emerald,0.648685086,fec1e0e2-b91c-4f78-ab13-311fdf97b22f,4537.59375,268.2911207
18944,1370,47,1.09754894,47809.04044,Neighborhood Park,Greenfield,13,Denny Parklet,Denny Park,Denny Park,Schenley,1158.7504,8c670a48-12e6-4067-9a59-a19f53d1aeea,pgh.dcp.allisot,2023-08-02T14:10:28.845000+00:00,pgh.dcp.allisot,2023-08-02T14:10:28.845000+00:00,Parks - Schenley,1.097548937,662c0d85-6461-4160-9d6b-af4c1fa91c8e,7680.773438,464.3893157
18945,1371,59,0.53917727,23486.4679,Neighborhood Park,Hill District,7,Eleanor St Parklet,Eleanor Street Park,Eleanor Street Park,McKinley,649.2105774,601181be-4c7c-482e-b656-cfa5d7602552,pgh.dcp.allisot,2023-08-02T14:10:28.845000+00:00,pgh.dcp.allisot,2023-08-02T14:10:28.845000+00:00,Parks - McKinley,0.539177269,b5db7418-b3c1-4bb3-8f62-85e567b197b8,3769.179688,246.617981
18946,1372,37,0.87432757,38085.55664,Neighborhood Park,Greenfield,7,Cobden St Bsktbl Ct,Cobden Street Park,Cobden St. Park,McKinley,825.9185083,fb470340-f4f8-460a-8a16-f16e333573d9,pgh.dcp.allisot,2023-08-02T14:10:28.845000+00:00,pgh.dcp.allisot,2023-08-02T14:10:28.845000+00:00,Parks - McKinley,0.874327571,cb085306-c360-405d-a81a-885d8196e916,6111.707031,330.6800258
18947,1373,91,0.22122719,9636.617923,Special Use Park,Homewood,11,Homewood Senior Center,Homewood Healthy Active Living Center,Homewood Senior Center,Frick,410.8755945,38905c2c-76b0-4f28-8608-655f6a76897b,pgh.dcp.allisot,2023-08-02T14:10:28.845000+00:00,pgh.dcp.allisot,2023-08-02T14:10:28.845000+00:00,Parks - Frick,0.221227192,b87744b0-c786-4e4a-bee9-6dc3bac17cb0,1548.136719,164.7516859
18948,1374,111,0.1529312,6661.656549,Other,East Liberty,3,Loraine St Tot Lot,Loraine St Park,Loraine St Tot Lot,,333.3241319,bcd30104-5771-41b0-84f9-79aa9187f0e8,pgh.dcp.allisot,2023-08-02T14:10:28.845000+00:00,pgh.dcp.allisot,2023-08-02T14:10:28.845000+00:00,1st Division,0.152931203,a700134e-9e55-4a95-b010-e6c80be3c0d4,1070.265625,133.5608409
18949,1375,164,434.0826229,18908563.42,Regional Park,Oakland,10,Schenley Park,Schenley Park,Schenley Park,Schenley,123344.8658,2be79c72-ff3d-4f6e-844d-6ad22c49556a,pgh.dcp.allisot,2023-08-02T14:10:28.845000+00:00,pgh.dcp.allisot,2023-08-02T14:10:28.845000+00:00,Parks - Schenley,434.0826229,e10190c0-b707-4549-ad1a-2a9656880668,3035712.223,49416.67956
18950,1376,154,28.79541068,1254323.072,Riverfront Park,Downtown,16,Point State Park,Point State Park,Point State Park,,12943.2388,bf1a98df-8a5b-454a-a172-cb061bab8d70,pgh.dcp.allisot,2023-08-02T14:10:28.845000+00:00,pgh.dcp.allisot,2023-08-02T14:10:28.845000+00:00,State,28.79541068,cc809cba-ae2d-40ca-9ddf-584fdb3a1ce8,201416.0195,5184.196231
18951,1378,38,4.22351288,183975.4853,Neighborhood Park,Hill District,1,Cowley Playground,Cowley Park,Cowley Park,Riverview,1706.739715,d8f9288e-6a5e-4640-8245-97a8c6a95248,pgh.dcp.allisot,2023-08-02T14:10:28.845000+00:00,pgh.dcp.allisot,2023-08-02T14:10:28.845000+00:00,Parks - Riverview,4.223512883,7979ca4a-36d2-4fc8-83ae-3ad57b3ec3f0,29557.40234,683.9230894
18952,1379,31,6.79012553,295776.6851,Neighborhood Park,Westwood,9,Burgwin Playground,Burgwin Park,Burgwin Park,Frick,2232.759022,93e12c43-773c-47cb-82a3-91787e9bed98,pgh.dcp.allisot,2023-08-02T14:10:28.845000+00:00,pgh.dcp.allisot,2023-08-02T14:10:28.845000+00:00,Parks - Frick,6.790125534,37b8fcf6-582e-49d0-9106-9cb54646bad6,47443.35156,893.9830178
18953,1380,54,11.13592221,485078.8311,Community Park,East Hills,11,East Hills Park,East Hills Park,East Hills Park,Frick,3990.465354,ef396672-2c4a-4eda-ae69-204f645a1602,pgh.dcp.allisot,2023-08-02T14:10:28.845000+00:00,pgh.dcp.allisot,2023-08-02T14:10:28.845000+00:00,Parks - Frick,11.13592221,9aede49d-02fa-4420-ace7-a11fcbf4f01e,77920.08203,1599.654564
18954,1381,125,32.53697238,1417304.848,Community Park,Shadyside,10,Mellon Park,Mellon Park,Mellon Park,Frick,7625.39938,afed3549-f340-4b7c-83dd-cee2c7b29ffe,pgh.dcp.allisot,2023-08-02T14:10:28.845000+00:00,pgh.dcp.allisot,2023-08-02T14:10:28.845000+00:00,Parks - Frick,32.53697238,085a6d7f-ece3-4ded-a1e2-babcf75e326b,227666.8516,3054.730572
18955,1382,22,1.68346994,73331.65746,Neighborhood Park,Upper Hill,9,Blair St Parklet,Blair Street Park,Blair St. Park,Schenley,1179.308343,284d433b-7f9f-4708-83ff-c76d15c28685,pgh.dcp.allisot,2023-08-02T14:10:28.845000+00:00,pgh.dcp.allisot,2023-08-02T14:10:28.845000+00:00,Parks - Frick,1.683469945,7915501f-032a-4b39-a26d-482e5090c567,11762.42578,472.6597519
18956,1383,105,0.89513452,38991.90358,Neighborhood Park,Upper Hill,9,Lewis Playground,Lewis Park,Lewis Park,Frick,796.3927443,635c355b-aae2-42d7-ab29-d1d6a357bf97,pgh.dcp.allisot,2023-08-02T14:10:28.845000+00:00,pgh.dcp.allisot,2023-08-02T14:10:28.845000+00:00,Parks - Frick,0.895134517,e00e6630-d1be-4b75-9a43-d91694d501d4,6255.933594,319.0856142
18957,1384,398823,637.4094289,27765554.72,Regional Park,Hays,8,Hays Woods,Hays Woods,Hays Woods,McKinley,40487.80889,,pgh.dcp.allisot,2023-08-02T14:10:28.845000+00:00,pgh.dcp.allisot,2023-08-02T14:10:28.845000+00:00,Parks - McKinley,637.4094289,e25fa8dd-0b5a-4576-b850-7030d41cdef1,4452876.777,16420.93127
18958,1385,177,1.18120924,51453.26866,Neighborhood Park,Swisshelm Park,10,Swisshelm Parklet,Swisshelm Park,Swisshelm Park,Frick,909.717958,a345eae0-81c6-4e68-88ef-e73c5717311f,pgh.dcp.allisot,2023-08-02T14:10:28.845000+00:00,pgh.dcp.allisot,2023-08-02T14:10:28.845000+00:00,Parks - Frick,1.18120924,aff1cae0-2647-4e6b-aa49-48924e3ebe10,8257.277344,364.4625603
18959,1386,18,1.32779542,57838.53724,Neighborhood Park,Brookline,11,Baxter Parklet,Baxter Park,Baxter Park,Frick,1418.324645,73a669d2-df96-412e-b2e3-f23595df4ca4,pgh.dcp.allisot,2023-08-02T14:10:28.845000+00:00,pgh.dcp.allisot,2023-08-02T14:10:28.845000+00:00,Parks - Frick,1.327795422,b4602230-ee45-4e81-9585-1cee5af05ac1,9291.589844,423.8116749
18960,1387,46,1.50196799,65425.46382,Neighborhood Park,Mount Washington,10,Davis Parklet,Davis Park,Davis Park,Frick,1052.345323,0c5ad046-197c-4180-b444-321700e6bbf9,pgh.dcp.allisot,2023-08-02T14:10:28.845000+00:00,pgh.dcp.allisot,2023-08-02T14:10:28.845000+00:00,Parks - Frick,1.501967987,049e9fd5-48a0-4cf8-91bb-4259cc830e84,10503.07422,421.337902
18961,1388,194,2.2077738,96170.24213,Neighborhood Park,Squirrel Hill,10,Wightman Playground,Wightman Park,Wightman Park,Frick,1305.908097,9073e51f-4d78-42ff-8fc0-97344d058d0e,pgh.dcp.allisot,2023-08-02T14:10:28.845000+00:00,pgh.dcp.allisot,2023-08-02T14:10:28.845000+00:00,Parks - Frick,2.207773802,ffc05f29-7f2b-446e-ac70-4e8bb5d633b2,15443.70313,523.0022396
18962,1389,75,3.34405359,145666.3917,Neighborhood Park,Squirrel Hill,9,Gladstone Field,Gladstone Park,Gladstone Park,Frick,1630.119878,2f062758-efae-4329-9ae2-4a4049c76c2f,pgh.dcp.allisot,2023-08-02T14:10:28.845000+00:00,pgh.dcp.allisot,2023-08-02T14:10:28.845000+00:00,Parks - Frick,3.344053589,91f89097-3437-4eaf-a391-054be9d19639,23372.65234,653.3763514
18963,1390,99,0.36092951,15722.02652,Neighborhood Park,Carrick,14,Lawn & Ophelia Playground,Lawn and Ophelia Park,Lawn and Ophelia Park,Schenley,701.5748464,1eb23da9-b4bd-4b7f-ae4b-f51bfe67db3f,pgh.dcp.allisot,2023-08-02T14:10:28.845000+00:00,pgh.dcp.allisot,2023-08-02T14:10:28.845000+00:00,Parks - Schenley,0.360929509,ced50032-085f-4c8a-ad3e-dfaf1c2d58a9,2524.164063,237.2636898
18964,1391,79,32.11439619,1398897.503,Regional Park,Mount Washington,6,Grandview Park,Emerald View Park - Grandview Park,Emerald View Regional Park,Emerald,14446.49753,aeeefde8-4347-4ab7-8bdf-bc2bedd16135,pgh.dcp.allisot,2023-08-02T14:10:28.845000+00:00,pgh.dcp.allisot,2023-08-02T14:10:28.845000+00:00,Parks - Emerald,32.11439619,8e171274-177e-4765-a957-0429f48d453b,224533.582,5786.472205
18965,1392,132,45.71526029,1991348.773,Regional Park,Mount Washington,6,Mt. Washington Park,Emerald View Park - Mt. Washington Park,Emerald View Regional Park,Emerald,11386.2207,59f0daee-69f6-46e3-b6a8-f7586c78f386,pgh.dcp.allisot,2023-08-02T14:10:28.845000+00:00,pgh.dcp.allisot,2023-08-02T14:10:28.845000+00:00,Parks - Emerald,45.71526029,9422cedd-6a1a-4ee9-9bd9-26c942104750,319590.4883,4740.449016
18966,1393,201,171.8179746,7484361.036,Regional Park,Mount Washington,6,Duquesne Heights Greenway,Emerald View Regional Park,Emerald View Regional Park - Duquesne Heights Greenway,Emerald,28271.46514,32e0f94b-541f-421b-b9cb-570b3b856d2e,pgh.dcp.allisot,2023-08-02T14:10:28.845000+00:00,pgh.dcp.allisot,2023-08-02T14:10:28.845000+00:00,Parks - Emerald,171.8179746,b09a9fb6-861e-426d-b369-8e124db422cb,1201593.785,32166.10833
18967,1394,71,606.639071,26425092.23,Regional Park,Squirrel Hill,10,Frick Park,Frick Park,Frick Park,Frick,75685.98977,4012cac2-c9fc-4074-8331-0c10b213ef16,pgh.dcp.allisot,2023-08-02T14:10:28.845000+00:00,pgh.dcp.allisot,2023-08-02T14:10:28.845000+00:00,Parks - Frick,606.639071,4801a197-67f6-41b7-a4f9-247912f5d0b1,4241798.078,29982.68044
18968,1395,45,0.42852529,18666.48701,Neighborhood Park,Dallas Heights,11,Dallas Parklet,Dallas Park,Dallas Park,Frick,575.2123431,7833f211-ee2a-44e4-997d-d83ed7f19972,pgh.dcp.allisot,2023-08-02T14:10:28.845000+00:00,pgh.dcp.allisot,2023-08-02T14:10:28.845000+00:00,Parks - Frick,0.428525291,175863ec-791e-4263-837c-e7738288973d,2998.882813,230.4982981
18969,1396,191,10.06138692,438272.261,Neighborhood Park,Homewood,11,Westinghouse Park,Westinghouse Park,Westinghouse Park,Frick,2747.688904,e473b3f9-3e8a-49cb-8523-ef32365cdd25,pgh.dcp.allisot,2023-08-02T14:10:28.845000+00:00,pgh.dcp.allisot,2023-08-02T14:10:28.845000+00:00,Parks - Frick,10.06138692,7b6175db-ac36-48c4-8165-6114406d0595,70400.90625,1067.268051
18970,1397,89,377.9105768,16461718.88,Regional Park,Highland Park,12,Highland Park,Highland Park,Highland Park,Highland,107319.6769,c9e4bd66-e2b3-4f4a-b49b-a9f1ee0688b3,pgh.dcp.allisot,2023-08-02T14:10:28.845000+00:00,pgh.dcp.allisot,2023-08-02T14:10:28.845000+00:00,Parks - Highland,377.9105768,11aed98c-3830-4654-8ca2-a119b0851c07,2646464.684,43040.62107
18971,1398,130,53.57539799,2333735.002,Community Park,Mount Washington,5,Moore Park,Moore Park,Moore Park,McKinley,2752.130272,50baa3f0-758b-4bbb-98d6-3c07b42a0826,pgh.dcp.allisot,2023-08-02T14:10:28.845000+00:00,pgh.dcp.allisot,2023-08-02T14:10:28.845000+00:00,Parks - McKinley,53.57539799,c36204da-09ab-4741-97f4-a385780130f2,374342.0938,3755.698333
18972,1399,414425,7.00283585,305042.3094,Regional Park,Knoxville,7,Knoxville Incline Park,Knoxville Incline Park,Knoxville Incline Park,Emerald,,,pgh.dcp.allisot,2023-08-02T14:10:28.845000+00:00,pgh.dcp.allisot,2023-08-02T14:10:28.845000+00:00,Parks - Emerald,7.002835849,d964625d-4e98-4320-8b75-c788fe9df954,48957.77734,2195.456429
18973,1400,414426,39.437957,1717910.535,Regional Park,Fairhaven,5,Fairhaven Park,Fairhaven Park,Fairhaven Park,McKinley,,,pgh.dcp.allisot,2023-08-02T14:10:28.845000+00:00,pgh.dcp.allisot,2023-08-02T14:10:28.845000+00:00,Parks - McKinley,39.437957,b03d280c-7026-44c6-a522-6f7676d5f441,275341.0508,7965.650454
18974,1401,414427,80.21265698,3494049.362,Regional Park,Squirrel Hill,5,Seldom Seen Park,Seldom Seen Park,Seldom Seen Park,McKinley,,,pgh.dcp.allisot,2023-08-02T14:10:28.845000+00:00,pgh.dcp.allisot,2023-08-02T14:10:28.845000+00:00,Parks - McKinley,80.21265698,4ce0ebb3-cd0f-4692-a23a-b5bacefe2bdb,560788.1445,7174.041117
18975,1402,414428,33.29815061,1450461.639,Regional Park,South Side,15,Bigelow Park,Bigelow Park,Bigelow Park,Schenley,,,pgh.dcp.allisot,2023-08-02T14:10:28.845000+00:00,pgh.dcp.allisot,2023-08-02T14:10:28.845000+00:00,Parks - Schenley,33.29815061,393a6fbe-a13f-4431-9279-69eeac483c40,232984.4648,8047.310742
18976,1403,222,0.39046729,17008.68726,Special Use Park,Carrick,11,,Paulson Rec Center,,Highland,,,pgh.dcp.allisot,2023-08-02T14:10:28.845000+00:00,pgh.dcp.allisot,2023-08-02T14:10:28.845000+00:00,Parks - Highland,0.390467293,bd41924f-8bb4-4141-bd97-4b10a890c061,2733.378906,221.1268448
18977,1404,218,8.83743664,384957.2003,Neighborhood Park,Washington's Landing,1,,Washington's Landing Park,,Riverview,,,pgh.dcp.allisot,2023-08-02T14:10:28.845000+00:00,pgh.dcp.allisot,2023-08-02T14:10:28.845000+00:00,Parks - Riverview,8.837436643,48a87681-fe06-4b93-ab7d-4d36ecaaf0d4,61974.67969,1259.389543
18978,1405,221,0.24017804,10462.11337,Special Use Park,Beechview,5,,Beechview Healthy Active Living Center Park,,McKinley,,,pgh.dcp.allisot,2023-08-02T14:10:28.845000+00:00,pgh.dcp.allisot,2023-08-02T14:10:28.845000+00:00,Parks - McKinley,0.240178035,05c0f8b7-c070-49ff-aa71-61e492dfd3c6,1678.472656,190.4581098
18979,1406,224,12.64577714,550847.8484,Neighborhood Park,Beechview,2,,Fowler Park,,Riverview,,,pgh.dcp.allisot,2023-08-02T14:10:28.845000+00:00,pgh.dcp.allisot,2023-08-02T14:10:28.845000+00:00,Parks - Riverview,12.64577713,7540f1da-9314-4fa7-8723-7b149d5586b4,88527.98438,1784.518454
18980,1407,217,0.15328618,6677.119233,Special Use Park,South Side,7,,Oliver Bath House,,McKinley,,,pgh.dcp.allisot,2023-08-02T14:10:28.845000+00:00,pgh.dcp.allisot,2023-08-02T14:10:28.845000+00:00,Parks - McKinley,0.153286179,331284b1-4d1b-4c9f-bd10-afad6f4fdc63,1071.824219,133.5101239
18981,1408,215,0.1917319,8351.808164,Neighborhood Park,Hill District,6,,Venson Park,,McKinley,,,pgh.dcp.allisot,2023-08-02T14:10:28.845000+00:00,pgh.dcp.allisot,2023-08-02T14:10:28.845000+00:00,Parks - McKinley,0.1917319,489ffa85-5e97-424d-a774-ad7163cbe6a9,1340.125,149.0283741
18982,1409,220,0.51336886,22362.25812,Special Use Park,West End,4,,West End Healthy Active Living Center,,Emerald,,,pgh.dcp.allisot,2023-08-02T14:10:28.845000+00:00,pgh.dcp.allisot,2023-08-02T14:10:28.845000+00:00,Parks - Emerald,0.513368861,eb60324e-0cae-4298-934e-9439a4377751,3590.589844,292.9086855
18983,1410,223,0.01644214,716.2169614,Special Use Park,Swisshelm Park,10,,Swisshelm War Memorial,,,,,pgh.dcp.allisot,2023-08-02T14:10:28.845000+00:00,pgh.dcp.allisot,2023-08-02T14:10:28.845000+00:00,3rd Division,0.016442145,bd2298aa-84c6-43de-b879-2f673e368eef,114.9375,46.47216303
18984,1411,225,0.84409285,36768.53761,Neighborhood Park,Mount Washington,2,,Washburn Square Park,,Riverview,,,pgh.dcp.allisot,2023-08-02T14:10:28.845000+00:00,pgh.dcp.allisot,2023-08-02T14:10:28.845000+00:00,Parks - Riverview,0.844092853,de0ec220-19f8-49b8-a3e5-93cb717d5504,5908.675781,357.0441209
18985,1412,216,0.77609047,33806.36543,Special Use Park,Brighton Heights,2,,Brighton Heights Healthy Active Living Center,,Riverview,,,pgh.dcp.allisot,2023-08-02T14:10:28.845000+00:00,pgh.dcp.allisot,2023-08-02T14:10:28.845000+00:00,Parks - Riverview,0.776090465,57980543-9d95-41aa-aeb7-8a0f04bdd790,5434.617188,295.0266888
18986,1413,227,0.57381396,24995.23632,Special Use Park,Arlington,7,,Arlington Gym,,McKinley,,,pgh.dcp.allisot,2023-08-02T14:10:28.845000+00:00,pgh.dcp.allisot,2023-08-02T14:10:28.845000+00:00,Parks - McKinley,0.573813965,a85bc6f5-7779-4ca1-81bb-753627d56e58,4011.050781,274.8453367
18987,1414,226,1.7213239,74980.56935,Riverfront Park,South Side,16,,Monongahela Wharf Landing Park,,Riverview,,,pgh.dcp.allisot,2023-08-02T14:10:28.845000+00:00,pgh.dcp.allisot,2023-08-02T14:10:28.845000+00:00,Parks - Riverview,1.721323904,24b4942b-6152-422d-812b-78b175cdaed4,12039.25391,1782.096883
18988,1415,219,0.05640572,2457.023445,Regional Park,Mount Washington,6,,Emerald View Park - Shiloh Street Park,,Emerald,,,pgh.dcp.allisot,2023-08-02T14:10:28.845000+00:00,pgh.dcp.allisot,2023-08-02T14:10:28.845000+00:00,Parks - Emerald,5.64E-02,af2f04a0-9702-4da4-9d1c-8bda52f20271,703.6757813,108.1058034
18989,1416,414429,139.4156518,6072921.499,Regional Park,Hazelwood,9,Hazelwood Park,Hazelwood Park,Hazelwood Park,Frick,,,pgh.dcp.allisot,2023-08-02T14:10:28.845000+00:00,pgh.dcp.allisot,2023-08-02T14:10:28.845000+00:00,Parks - Frick,139.4156518,b6756676-f977-4ffe-a2b9-c2fe897e9bce,974365.8633,20984.9548
18990,1417,90,4.26898266,185956.1407,Neighborhood Park,Homewood,11,Homewood Playground,Homewood Park,Homewood Park,Frick,1360.908019,9296bb5e-10ce-4bb7-a855-54fe7a1c97be,pgh.dcp.allisot,2023-08-02T14:10:28.845000+00:00,pgh.dcp.allisot,2023-08-02T14:10:28.845000+00:00,Parks - Frick,4.268982657,91054892-42c7-43db-ba9d-6764a69f6b80,29871.64453,735.0430063
18991,1818,95,5.41337556,235805.696,Neighborhood Park,South Side,12,Joe Natoli Playground,Joe Natoli Park,Joe Natoli Park,Northeast,2027.253454,bc75545d-28e9-4c68-b1fd-40fa6c3b3bbf,pgh.dcp.allisot,2023-08-02T14:10:28.845000+00:00,pgh.dcp.allisot,2023-08-02T14:10:28.845000+00:00,Parks - Highland,5.413375555,e621f3c0-b885-47fb-a472-a55fe0ee8a4a,37912.63281,812.7995146
18992,1819,,,,,Lawrenceville,,,Niagara Park,,,,,pgh.dcp.allisot,2023-08-02T14:10:28.845000+00:00,pgh.dcp.allisot,2023-08-02T14:10:28.845000+00:00,Parks - Schenley,,f93b81eb-e816-4da6-8231-e649b3df72c5,1590.730469,159.6469159
